panel,scenario-id,scenario-text,scenario-url,sex,age,body-area,priority-clinical-areas,ct_usually_appropriate,ct_may_be_appropriate,ct_not_appropriate,other_usually_appropriate,other_may_be_appropriate,other_not_appropriate,mr_usually_appropriate,mr_may_be_appropriate,mr_not_appropriate,us_usually_appropriate,us_may_be_appropriate,us_not_appropriate,other_modality_usually_appropriate,other_modality_may_be_appropriate,other_modality_not_appropriate,green-green,green-yellow,green-red,yellow-green,yellow-yellow,yellow-red,red-green,red-yellow,red-red
Cardiac,3195891,"Arterial occlusion, lower extremity, embolic etiology suspected, next imaging study, determine source",https://gravitas.acr.org/ACPortal/GetDataForOneScenario?senarioId=6712,All,18 - 150,Chest-abdomen-pelvis,,True,False,False,True,True,True,True,True,False,True,False,True,False,False,True,True,False,False,False,False,False,False,False,False
Cardiac,3195887,"Arterial occlusion, mesenteric arterial system, embolic etiology suspected, next imaging study, determine source",https://gravitas.acr.org/ACPortal/GetDataForOneScenario?senarioId=6709,All,18 - 150,Chest-abdomen,,True,False,False,True,True,True,True,True,False,True,True,False,False,False,True,True,False,False,False,False,False,False,False,False
Cardiac,3195888,"Arterial occlusion, renal arterial system, embolic etiology suspected, next imaging study, determine source",https://gravitas.acr.org/ACPortal/GetDataForOneScenario?senarioId=6710,All,18 - 150,Chest-abdomen,,True,False,False,True,True,True,True,True,False,True,True,False,False,False,True,True,False,False,False,False,False,False,False,False
Cardiac,3195889,"Arterial occlusion, renal infarcts, embolic etiology suspected, next imaging study, determine source",https://gravitas.acr.org/ACPortal/GetDataForOneScenario?senarioId=6711,All,18 - 150,Chest-abdomen,,True,False,False,True,True,True,True,True,False,True,True,False,False,False,True,True,False,False,False,False,False,False,False,False
Cardiac,3195885,"Arterial occlusion, upper extremity, embolic etiology suspected, next imaging study, determine source",https://gravitas.acr.org/ACPortal/GetDataForOneScenario?senarioId=6708,All,18 - 150,Chest-abdomen,,True,False,False,True,True,True,True,True,False,True,False,True,False,False,True,True,False,False,False,False,False,False,False,False
Cardiac,3195893,"Arterial occlusions, multi organ system, embolic etiology suspected, next imaging study, determine source",https://gravitas.acr.org/ACPortal/GetDataForOneScenario?senarioId=6713,All,18 - 150,Chest-abdomen-pelvis,,True,False,False,True,True,False,True,True,False,True,True,False,False,False,False,True,False,False,False,False,False,False,False,False
Gastrointestinal,3081311,"Abd pain, acute, nonlocalized, fever, initial exam",https://gravitas.acr.org/ACPortal/GetDataForOneScenario?senarioId=1133,All,18 - 150,Abdomen-pelvis,,True,True,False,False,True,True,False,True,False,False,True,False,False,True,True,False,True,False,False,False,False,False,False,False
Gastrointestinal,3074175,"Abd pain, acute, nonlocalized, fever, post op, initial exam",https://gravitas.acr.org/ACPortal/GetDataForOneScenario?senarioId=883,All,18 - 150,Abdomen-pelvis,,True,True,False,False,True,True,False,True,False,False,True,False,False,True,True,False,True,False,False,False,False,False,False,False
Gastrointestinal,3141529,"Abd pain, acute, nonlocalized, initial exam",https://gravitas.acr.org/ACPortal/GetDataForOneScenario?senarioId=3567,All,18 - 150,Abdomen-pelvis,,True,True,False,True,True,True,True,True,False,False,True,False,False,True,True,True,False,False,False,False,False,False,False,False
Gastrointestinal,3141528,"Abd pain, acute, nonlocalized, neutropenic, initial exam",https://gravitas.acr.org/ACPortal/GetDataForOneScenario?senarioId=3566,All,18 - 150,Abdomen-pelvis,,True,True,False,False,True,True,False,True,False,False,True,False,False,False,True,False,True,False,False,False,False,False,False,False
Gastrointestinal,3074207,"Abdominal mass, intra-abdominal neoplasm suspected",https://gravitas.acr.org/ACPortal/GetDataForOneScenario?senarioId=906,All,18 - 150,Abdomen,,True,True,True,True,True,True,False,True,False,True,False,False,False,False,True,True,False,False,False,False,False,False,False,False
Gastrointestinal,3195278,"Abdominal wall hernia suspected, incisional, initial imaging",https://gravitas.acr.org/ACPortal/GetDataForOneScenario?senarioId=6232,All,18 - 150,Abdomen,,True,False,True,True,True,True,False,True,True,True,False,True,False,False,True,True,False,False,False,False,False,False,False,False
Gastrointestinal,3195279,"Abdominal wall hernia suspected, lumbar, initial imaging",https://gravitas.acr.org/ACPortal/GetDataForOneScenario?senarioId=6233,All,18 - 150,Abdomen,,True,False,True,True,True,True,False,True,True,True,False,True,False,False,True,True,False,False,False,False,False,False,False,False
Gastrointestinal,3195280,"Abdominal wall hernia suspected, spigelian, initial imaging",https://gravitas.acr.org/ACPortal/GetDataForOneScenario?senarioId=6234,All,18 - 150,Abdomen,,True,False,True,True,True,True,False,True,True,True,False,True,False,False,True,True,False,False,False,False,False,False,False,False
Gastrointestinal,3195276,"Abdominal wall hernia suspected, umbilical, initial imaging",https://gravitas.acr.org/ACPortal/GetDataForOneScenario?senarioId=6230,All,18 - 150,Abdomen,,True,False,True,True,True,True,False,True,True,True,False,True,False,False,True,True,False,False,False,False,False,False,False,False
Gastrointestinal,3195277,"Abdominal wall hernia suspected, ventral, initial imaging",https://gravitas.acr.org/ACPortal/GetDataForOneScenario?senarioId=6231,All,18 - 150,Abdomen,,True,False,True,True,True,True,False,True,True,True,False,True,False,False,True,True,False,False,False,False,False,False,False,False
Gastrointestinal,3155927,"Abdominal wall mass, suspected",https://gravitas.acr.org/ACPortal/GetDataForOneScenario?senarioId=4790,All,18 - 150,Abdomen,,True,True,True,True,True,True,True,True,False,True,False,False,False,False,True,True,False,False,False,False,False,False,False,False
Gastrointestinal,3196531,"Abnormal liver function tests, cholestatic predominance, elevated alkaline phosphatase with or without elevated gamma-glutamyl transpeptidase, initial imaging",https://gravitas.acr.org/ACPortal/GetDataForOneScenario?senarioId=7154,All,18 - 150,Abdomen,,True,True,True,True,True,True,True,True,True,True,True,True,False,False,False,True,False,False,False,False,False,False,False,False
Gastrointestinal,3196526,"Abnormal liver function tests, hepatocellular predominance, mild aminotransferase increase , initial imaging",https://gravitas.acr.org/ACPortal/GetDataForOneScenario?senarioId=7151,All,18 - 150,Abdomen,,False,True,True,True,True,True,False,True,False,True,True,True,False,False,False,False,False,False,True,False,False,False,False,False
Gastrointestinal,3196528,"Abnormal liver function tests, hepatocellular predominance, moderate aminotransferase increase, initial imaging",https://gravitas.acr.org/ACPortal/GetDataForOneScenario?senarioId=7152,All,18 - 150,Abdomen,,True,True,True,True,True,True,False,True,True,True,False,True,False,False,False,True,False,False,False,False,False,False,False,False
Gastrointestinal,3196529,"Abnormal liver function tests, hepatocellular predominance, severe aminotransferase increase, initial imaging",https://gravitas.acr.org/ACPortal/GetDataForOneScenario?senarioId=7153,All,18 - 150,Abdomen,,True,True,True,True,True,True,False,True,True,True,False,True,False,False,False,True,False,False,False,False,False,False,False,False
Gastrointestinal,3196533,"Abnormal liver function tests, hyperbilirubinemia, acute cholestasis, conjugated, initial imaging",https://gravitas.acr.org/ACPortal/GetDataForOneScenario?senarioId=7155,All,18 - 150,Abdomen,,True,True,True,True,False,True,True,False,True,True,False,True,False,False,False,True,False,False,False,False,False,False,False,False
Gastrointestinal,3196534,"Abnormal liver function tests, hyperbilirubinemia, acute cholestasis, unconjugated, initial imaging",https://gravitas.acr.org/ACPortal/GetDataForOneScenario?senarioId=7156,All,18 - 150,Abdomen,,True,True,True,True,False,True,True,False,True,True,False,True,False,False,False,True,False,False,False,False,False,False,False,False
Gastrointestinal,3196535,"Abnormal liver function tests, hyperbilirubinemia, subacute cholestasis, conjugated, initial imaging",https://gravitas.acr.org/ACPortal/GetDataForOneScenario?senarioId=7157,All,18 - 150,Abdomen,,True,True,True,True,False,True,True,False,True,True,False,True,False,False,False,True,False,False,False,False,False,False,False,False
Gastrointestinal,3196536,"Abnormal liver function tests, hyperbilirubinemia, subacute cholestasis, unconjugated, initial imaging",https://gravitas.acr.org/ACPortal/GetDataForOneScenario?senarioId=7158,All,18 - 150,Abdomen,,True,True,True,True,False,True,True,False,True,True,False,True,False,False,False,True,False,False,False,False,False,False,False,False
Gastrointestinal,3411,"Abscess, liver",https://gravitas.acr.org/ACPortal/GetDataForOneScenario?senarioId=495,All,18 - 150,Abdomen,,True,True,True,False,True,True,False,True,False,False,True,False,False,False,True,False,True,False,False,False,False,False,False,False
Gastrointestinal,3194195,"Colectomy with anastomosis, complication suspected, initial imaging.",https://gravitas.acr.org/ACPortal/GetDataForOneScenario?senarioId=5563,All,18 - 150,Abdomen-pelvis,,True,True,True,True,True,True,True,True,False,False,False,True,False,True,True,True,False,False,False,False,False,False,False,False
Gastrointestinal,3194194,"Coloproctectomy with anastomosis, complication suspected, initial imaging.",https://gravitas.acr.org/ACPortal/GetDataForOneScenario?senarioId=5562,All,18 - 150,Abdomen-pelvis,,True,True,True,True,True,True,True,True,False,False,False,True,False,True,True,True,False,False,False,False,False,False,False,False
Gastrointestinal,3074190,"Crohn disease suspected, initial imaging",https://gravitas.acr.org/ACPortal/GetDataForOneScenario?senarioId=896,All,18 - 150,Abdomen,,True,True,True,True,True,True,True,True,True,False,True,False,False,True,True,True,False,False,False,False,False,False,False,False
Gastrointestinal,3074192,"Crohn disease, acute exacerbation suspected",https://gravitas.acr.org/ACPortal/GetDataForOneScenario?senarioId=898,All,18 - 150,Abdomen,,True,True,True,True,True,True,True,True,False,False,False,True,False,True,True,True,False,False,False,False,False,False,False,False
Gastrointestinal,3195285,"Deep pelvic hernia suspected, obturator, initial imaging",https://gravitas.acr.org/ACPortal/GetDataForOneScenario?senarioId=6237,All,18 - 150,Pelvis,,True,False,True,True,True,True,True,True,False,False,False,True,False,False,True,True,False,False,False,False,False,False,False,False
Gastrointestinal,3195287,"Deep pelvic hernia suspected, perineal, initial imaging",https://gravitas.acr.org/ACPortal/GetDataForOneScenario?senarioId=6239,All,18 - 150,Pelvis,,True,False,True,True,True,True,True,True,False,False,False,True,False,False,True,True,False,False,False,False,False,False,False,False
Gastrointestinal,3195286,"Deep pelvic hernia suspected, sciatic, initial imaging",https://gravitas.acr.org/ACPortal/GetDataForOneScenario?senarioId=6238,All,18 - 150,Pelvis,,True,False,True,True,True,True,True,True,False,False,False,True,False,False,True,True,False,False,False,False,False,False,False,False
Gastrointestinal,3195290,"Diaphragmatic hernia suspected, Bochdalek, initial imaging",https://gravitas.acr.org/ACPortal/GetDataForOneScenario?senarioId=6241,All,18 - 150,Chest-abdomen,,True,False,True,False,True,True,False,True,False,False,False,True,False,True,True,False,True,False,False,False,False,False,False,False
Gastrointestinal,3195291,"Diaphragmatic hernia suspected, Morgagni, initial imaging",https://gravitas.acr.org/ACPortal/GetDataForOneScenario?senarioId=6242,All,18 - 150,Chest-abdomen,,True,False,True,False,True,True,False,True,False,False,False,True,False,True,True,False,True,False,False,False,False,False,False,False
Gastrointestinal,3195289,"Diaphragmatic hernia suspected, traumatic, initial imaging",https://gravitas.acr.org/ACPortal/GetDataForOneScenario?senarioId=6240,All,18 - 150,Chest-abdomen,,True,False,True,False,True,True,False,True,False,False,False,True,False,True,True,False,True,False,False,False,False,False,False,False
Gastrointestinal,3194197,"Epigastric pain, acid reflux suspected, initial imaging",https://gravitas.acr.org/ACPortal/GetDataForOneScenario?senarioId=5564,All,18 - 150,Abdomen,,False,True,True,True,True,True,False,False,True,False,False,False,True,True,True,False,False,False,True,False,False,False,False,False
Gastrointestinal,3194201,"Epigastric pain, duodenal ulcer suspected, initial imaging",https://gravitas.acr.org/ACPortal/GetDataForOneScenario?senarioId=5568,All,18 - 150,Abdomen,,False,True,True,True,True,True,False,False,True,False,False,False,True,True,True,False,False,False,True,False,False,False,False,False
Gastrointestinal,3194198,"Epigastric pain, esophagitis suspected, initial imaging",https://gravitas.acr.org/ACPortal/GetDataForOneScenario?senarioId=5565,All,18 - 150,Abdomen,,False,True,True,True,True,True,False,False,True,False,False,False,True,True,True,False,False,False,True,False,False,False,False,False
Gastrointestinal,3194203,"Epigastric pain, gastric cancer suspected, initial imaging",https://gravitas.acr.org/ACPortal/GetDataForOneScenario?senarioId=5569,All,18 - 150,Abdomen,,True,True,True,True,False,True,False,False,True,False,False,False,True,False,True,True,False,False,False,False,False,False,False,False
Gastrointestinal,3194199,"Epigastric pain, gastritis suspected, initial imaging",https://gravitas.acr.org/ACPortal/GetDataForOneScenario?senarioId=5566,All,18 - 150,Abdomen,,False,True,True,True,True,True,False,False,True,False,False,False,True,True,True,False,False,False,True,False,False,False,False,False
Gastrointestinal,3194205,"Epigastric pain, hiatal hernia suspected, initial imaging",https://gravitas.acr.org/ACPortal/GetDataForOneScenario?senarioId=5570,All,18 - 150,Abdomen,,False,False,True,True,False,True,False,False,True,False,False,False,True,False,True,False,False,False,False,False,False,True,False,False
Gastrointestinal,3194200,"Epigastric pain, peptic ulcer suspected, initial imaging",https://gravitas.acr.org/ACPortal/GetDataForOneScenario?senarioId=5567,All,18 - 150,Abdomen,,False,True,True,True,True,True,False,False,True,False,False,False,True,True,True,False,False,False,True,False,False,False,False,False
Gastrointestinal,3195283,"Groin hernia suspected, femoral, initial imaging",https://gravitas.acr.org/ACPortal/GetDataForOneScenario?senarioId=6236,All,18 - 150,Abdomen-pelvis,,True,False,True,True,True,True,True,True,False,True,False,False,False,False,True,True,False,False,False,False,False,False,False,False
Gastrointestinal,3195282,"Groin hernia suspected, inguinal, initial imaging",https://gravitas.acr.org/ACPortal/GetDataForOneScenario?senarioId=6235,All,18 - 150,Abdomen-pelvis,,True,False,True,True,True,True,True,True,False,True,False,False,False,False,True,True,False,False,False,False,False,False,False,False
Gastrointestinal,3149322,"Jaundice, biliary obstruction suspected",https://gravitas.acr.org/ACPortal/GetDataForOneScenario?senarioId=4686,All,18 - 150,Abdomen,,True,False,True,True,True,False,True,False,False,True,True,False,False,True,False,True,False,False,False,False,False,False,False,False
Gastrointestinal,3149321,"Jaundice, initial exam",https://gravitas.acr.org/ACPortal/GetDataForOneScenario?senarioId=4685,All,18 - 150,Abdomen,,True,False,True,True,True,True,True,True,False,True,False,True,False,False,True,True,False,False,False,False,False,False,False,False
Gastrointestinal,3081486,"Jaundice, non-obstructive etiology suspected",https://gravitas.acr.org/ACPortal/GetDataForOneScenario?senarioId=1139,All,18 - 150,Abdomen,,True,False,True,True,False,True,True,False,False,True,False,True,False,False,True,True,False,False,False,False,False,False,False,False
Gastrointestinal,3191939,"Liver lesion, <1cm, indeterminate on noncontrast MRI, hx of extrahepatic malignancy",https://gravitas.acr.org/ACPortal/GetDataForOneScenario?senarioId=5444,All,18 - 150,Abdomen,,True,False,True,True,True,True,True,False,False,False,True,True,False,True,True,True,False,False,False,False,False,False,False,False
Gastrointestinal,3191938,"Liver lesion, <1cm, indeterminate on noncontrast or single phase CT, hx of extrahepatic malignancy",https://gravitas.acr.org/ACPortal/GetDataForOneScenario?senarioId=5443,All,18 - 150,Abdomen,,True,False,True,True,True,True,True,False,False,False,True,True,False,True,True,True,False,False,False,False,False,False,False,False
Gastrointestinal,3100710,"Liver lesion, <1cm, indeterminate on US, hx of extrahepatic malignancy",https://gravitas.acr.org/ACPortal/GetDataForOneScenario?senarioId=2164,All,18 - 150,Abdomen,,False,True,True,True,True,True,True,True,False,False,True,False,False,False,True,False,False,False,True,False,False,False,False,False
Gastrointestinal,3191934,"Liver lesion, >1cm, indeterminate on noncontrast MRI, hx of extrahepatic malignancy",https://gravitas.acr.org/ACPortal/GetDataForOneScenario?senarioId=5439,All,18 - 150,Abdomen,,True,True,False,True,True,True,True,False,False,False,True,False,True,True,True,True,False,False,False,False,False,False,False,False
Gastrointestinal,3191932,"Liver lesion, >1cm, indeterminate on noncontrast MRI, normal liver, no extrahepatic malignancy",https://gravitas.acr.org/ACPortal/GetDataForOneScenario?senarioId=5437,All,18 - 150,Abdomen,,True,False,True,True,True,True,True,False,False,False,True,False,False,False,True,True,False,False,False,False,False,False,False,False
Gastrointestinal,3191933,"Liver lesion, >1cm, indeterminate on noncontrast or single phase CT, hx of extrahepatic malignancy",https://gravitas.acr.org/ACPortal/GetDataForOneScenario?senarioId=5438,All,18 - 150,Abdomen,,True,True,False,True,True,True,True,False,False,False,True,False,True,True,True,True,False,False,False,False,False,False,False,False
Gastrointestinal,3191931,"Liver lesion, >1cm, indeterminate on noncontrast or single phase CT, normal liver, no extrahepatic malignancy",https://gravitas.acr.org/ACPortal/GetDataForOneScenario?senarioId=5436,All,18 - 150,Abdomen,,True,False,True,True,True,True,True,False,False,False,True,False,False,False,True,True,False,False,False,False,False,False,False,False
Gastrointestinal,3100714,"Liver lesion, >1cm, indeterminate on US, hx of extrahepatic malignancy",https://gravitas.acr.org/ACPortal/GetDataForOneScenario?senarioId=2168,All,18 - 150,Abdomen,,True,True,True,True,True,True,True,True,False,False,True,False,False,True,True,True,False,False,False,False,False,False,False,False
Gastrointestinal,3100711,"Liver lesion, >1cm, indeterminate on US, normal liver, no extrahepatic malignancy",https://gravitas.acr.org/ACPortal/GetDataForOneScenario?senarioId=2165,All,18 - 150,Abdomen,,True,False,True,True,True,True,True,True,False,True,False,False,False,False,True,True,False,False,False,False,False,False,False,False
Gastrointestinal,3196472,"LLQ pain, diverticulitis complications suspected, initial imaging",https://gravitas.acr.org/ACPortal/GetDataForOneScenario?senarioId=7112,All,18 - 150,Abdomen,,True,True,True,False,True,True,False,True,False,False,False,True,False,True,True,False,True,False,False,False,False,False,False,False
Gastrointestinal,3196471,"LLQ pain, diverticulitis suspected, initial imaging",https://gravitas.acr.org/ACPortal/GetDataForOneScenario?senarioId=7111,All,18 - 150,Abdomen,,True,True,True,False,True,True,False,True,False,False,False,True,False,False,True,False,True,False,False,False,False,False,False,False
Gastrointestinal,3196470,"LLQ pain, initial imaging",https://gravitas.acr.org/ACPortal/GetDataForOneScenario?senarioId=7110,All,18 - 150,Abdomen,,True,True,True,False,True,True,False,True,False,False,True,False,False,True,True,False,True,False,False,False,False,False,False,False
Gastrointestinal,3141499,"Mesenteric ischemia, acute, suspected, initial exam",https://gravitas.acr.org/ACPortal/GetDataForOneScenario?senarioId=3537,All,18 - 150,Abdomen-pelvis,,True,True,True,False,True,True,False,False,True,False,True,False,False,True,False,False,True,False,False,False,False,False,False,False
Gastrointestinal,3141500,"Mesenteric ischemia, chronic, suspected, initial exam",https://gravitas.acr.org/ACPortal/GetDataForOneScenario?senarioId=3538,All,18 - 150,Abdomen-pelvis,,True,True,True,True,True,True,True,True,False,False,True,False,False,False,True,True,False,False,False,False,False,False,False,False
Gastrointestinal,3084081,"Pancreatitis necrotizing, significant clinical deterioration",https://gravitas.acr.org/ACPortal/GetDataForOneScenario?senarioId=2105,All,18 - 150,Abdomen,,True,True,False,False,True,True,False,True,False,False,True,True,False,False,False,False,True,False,False,False,False,False,False,False
Gastrointestinal,3084080,"Pancreatitis suspected, atypical presentation",https://gravitas.acr.org/ACPortal/GetDataForOneScenario?senarioId=2104,All,18 - 150,Abdomen,,True,True,True,True,True,True,True,True,False,False,True,True,False,False,False,True,False,False,False,False,False,False,False,False
Gastrointestinal,3084079,"Pancreatitis suspected, typical presentation",https://gravitas.acr.org/ACPortal/GetDataForOneScenario?senarioId=2103,All,18 - 150,Abdomen,,False,True,True,True,True,True,False,True,False,True,True,True,False,False,False,False,False,False,True,False,False,False,False,False
Gastrointestinal,3084078,"Pancreatitis, acute, critically ill, >48 hours",https://gravitas.acr.org/ACPortal/GetDataForOneScenario?senarioId=2102,All,18 - 150,Abdomen,,True,True,True,True,True,True,True,True,False,False,True,True,False,False,False,True,False,False,False,False,False,False,False,False
Gastrointestinal,3084077,"Pancreatitis, acute, severe, > 7 days",https://gravitas.acr.org/ACPortal/GetDataForOneScenario?senarioId=2101,All,18 - 150,Abdomen,,True,True,True,True,True,True,True,True,False,False,True,True,False,False,False,True,False,False,False,False,False,False,False,False
Gastrointestinal,3155938,"Pancreatitis, persistent > 4 weeks",https://gravitas.acr.org/ACPortal/GetDataForOneScenario?senarioId=4801,All,18 - 150,Abdomen,,True,True,True,True,True,True,True,True,False,False,True,True,False,False,False,True,False,False,False,False,False,False,False,False
Gastrointestinal,3194184,"Perianal abscess suspected, initial imaging",https://gravitas.acr.org/ACPortal/GetDataForOneScenario?senarioId=5555,All,18 - 150,Pelvis,,True,True,True,True,True,True,True,True,False,False,True,False,False,False,True,True,False,False,False,False,False,False,False,False
Gastrointestinal,3194185,"Perianal fistula suspected, initial imaging",https://gravitas.acr.org/ACPortal/GetDataForOneScenario?senarioId=5556,All,18 - 150,Pelvis,,True,True,True,True,True,True,True,True,False,False,True,False,False,False,True,True,False,False,False,False,False,False,False,False
Gastrointestinal,3194193,"Postproctectomy with anastomosis, complication suspected, initial imaging",https://gravitas.acr.org/ACPortal/GetDataForOneScenario?senarioId=5561,All,18 - 150,Abdomen-pelvis,,True,True,True,True,True,True,True,True,False,False,False,True,False,True,True,True,False,False,False,False,False,False,False,False
Gastrointestinal,3194191,"Pouchitis suspected, initial imaging",https://gravitas.acr.org/ACPortal/GetDataForOneScenario?senarioId=5560,All,18 - 150,Abdomen-pelvis,,True,False,True,True,True,True,True,True,False,False,False,True,False,True,True,True,False,False,False,False,False,False,False,False
Gastrointestinal,3194190,"Proctitis suspected, initial imaging",https://gravitas.acr.org/ACPortal/GetDataForOneScenario?senarioId=5559,All,18 - 150,Abdomen-pelvis,,True,False,True,True,True,True,True,True,False,False,False,True,False,True,True,True,False,False,False,False,False,False,False,False
Gastrointestinal,3194188,"Rectovaginal fistula suspected, initial imaging",https://gravitas.acr.org/ACPortal/GetDataForOneScenario?senarioId=5558,All,18 - 150,Pelvis,,True,False,True,True,True,True,True,True,False,False,True,False,False,True,True,True,False,False,False,False,False,False,False,False
Gastrointestinal,3194187,"Rectovesicular fistula suspected, initial imaging",https://gravitas.acr.org/ACPortal/GetDataForOneScenario?senarioId=5557,All,18 - 150,Pelvis,,True,False,True,True,True,True,True,True,False,False,True,False,False,True,True,True,False,False,False,False,False,False,False,False
Gastrointestinal,3195406,"RLQ pain, fever, leukocytosis, appendicitis suspected, initial imaging",https://gravitas.acr.org/ACPortal/GetDataForOneScenario?senarioId=6315,All,18 - 150,Abdomen,,True,True,True,False,True,True,False,True,False,False,True,False,False,False,True,False,True,False,False,False,False,False,False,False
Gastrointestinal,3195405,"RLQ pain, initial imaging",https://gravitas.acr.org/ACPortal/GetDataForOneScenario?senarioId=6314,All,18 - 150,Abdomen,,True,True,True,False,True,True,False,True,False,False,True,False,False,False,True,False,True,False,False,False,False,False,False,False
Gastrointestinal,3195883,"RUQ pain, acalculous cholecystitis suspected, US equivocal, next imaging study",https://gravitas.acr.org/ACPortal/GetDataForOneScenario?senarioId=6707,All,18 - 150,Abdomen,,False,True,True,True,True,False,False,True,False,False,False,False,True,True,False,False,False,False,True,False,False,False,False,False
Gastrointestinal,3195882,"RUQ pain, acalculous cholecystitis suspected, US negative, next imaging study",https://gravitas.acr.org/ACPortal/GetDataForOneScenario?senarioId=6706,All,18 - 150,Abdomen,,False,True,True,True,True,False,False,True,False,False,False,False,True,True,False,False,False,False,True,False,False,False,False,False
Gastrointestinal,3195877,"RUQ pain, biliary disease suspected, initial imaging",https://gravitas.acr.org/ACPortal/GetDataForOneScenario?senarioId=6701,All,18 - 150,Abdomen,,False,True,True,True,True,False,False,True,False,True,False,False,False,True,False,False,False,False,True,False,False,False,False,False
Gastrointestinal,3195876,"RUQ pain, etiology unknown, initial imaging",https://gravitas.acr.org/ACPortal/GetDataForOneScenario?senarioId=6700,All,18 - 150,Abdomen,,True,True,True,True,True,True,False,True,False,True,False,False,False,False,True,True,False,False,False,False,False,False,False,False
Gastrointestinal,3195881,"RUQ pain, fever, high WBC count , biliary disease suspected, US equivocal, next imaging study",https://gravitas.acr.org/ACPortal/GetDataForOneScenario?senarioId=6705,All,18 - 150,Abdomen,,True,True,True,True,True,False,True,True,False,False,False,False,True,False,False,True,False,False,False,False,False,False,False,False
Gastrointestinal,3195880,"RUQ pain, fever, high WBC count , biliary disease suspected, US negative, next imaging study",https://gravitas.acr.org/ACPortal/GetDataForOneScenario?senarioId=6704,All,18 - 150,Abdomen,,True,True,True,True,True,False,True,True,False,False,False,False,True,False,False,True,False,False,False,False,False,False,False,False
Gastrointestinal,3195879,"RUQ pain, no fever, no high WBC count, biliary disease suspected, US equivocal, next imaging study",https://gravitas.acr.org/ACPortal/GetDataForOneScenario?senarioId=6703,All,18 - 150,Abdomen,,True,True,True,True,True,False,True,False,False,False,False,False,False,True,False,True,False,False,False,False,False,False,False,False
Gastrointestinal,3195878,"RUQ pain, no fever, no high WBC count, biliary disease suspected, US negative, next imaging study",https://gravitas.acr.org/ACPortal/GetDataForOneScenario?senarioId=6702,All,18 - 150,Abdomen,,True,True,True,True,True,False,True,False,False,False,False,False,False,True,False,True,False,False,False,False,False,False,False,False
Gastrointestinal,3196674,"Sepsis suspected, acute abdominal pain, initial imaging",https://gravitas.acr.org/ACPortal/GetDataForOneScenario?senarioId=7249,All,18 - 150,Abdomen,,True,False,True,False,True,True,False,False,True,False,True,False,False,False,True,False,True,False,False,False,False,False,False,False
Gastrointestinal,3196675,"Sepsis, acute abdominal pain, initial imaging",https://gravitas.acr.org/ACPortal/GetDataForOneScenario?senarioId=7250,All,18 - 150,Abdomen,,True,False,True,False,True,True,False,False,True,False,True,False,False,False,True,False,True,False,False,False,False,False,False,False
Gastrointestinal,3074217,"Small bowel obstruction suspected, acute presentation, initial imaging",https://gravitas.acr.org/ACPortal/GetDataForOneScenario?senarioId=916,All,18 - 150,Abdomen,,True,True,True,False,True,True,False,True,True,False,False,True,False,True,True,False,True,False,False,False,False,False,False,False
Gastrointestinal,3074218,"Small bowel obstruction suspected, intermittent or low grade, indolent presentation",https://gravitas.acr.org/ACPortal/GetDataForOneScenario?senarioId=917,All,18 - 150,Abdomen,,True,True,True,False,True,True,False,True,False,False,False,True,False,True,True,False,True,False,False,False,False,False,False,False
Gastrointestinal,3102193,"Upper GI bleeding suspected, nonvariceal, no endoscopy, initial imaging",https://gravitas.acr.org/ACPortal/GetDataForOneScenario?senarioId=2377,All,18 - 150,Abdomen,,True,False,True,False,True,True,False,False,True,False,False,False,False,True,True,False,True,False,False,False,False,False,False,False
Gastrointestinal,3197481,"Upper GI bleeding, nonvariceal, clear source on endoscopy, continued bleeding after treatment, initial imaging",https://gravitas.acr.org/ACPortal/GetDataForOneScenario?senarioId=7753,All,18 - 150,Abdomen,,True,True,True,True,False,True,False,False,True,False,False,False,True,False,True,True,False,False,False,False,False,False,False,False
Gastrointestinal,3102194,"Upper GI bleeding, nonvariceal, clear source on endoscopy, treatment not possible, initial imaging",https://gravitas.acr.org/ACPortal/GetDataForOneScenario?senarioId=2378,All,18 - 150,Abdomen,,True,True,True,True,False,True,False,False,True,False,False,False,True,False,True,True,False,False,False,False,False,False,False,False
Gastrointestinal,3102196,"Upper GI bleeding, nonvariceal, endoscopy negative, initial imaging",https://gravitas.acr.org/ACPortal/GetDataForOneScenario?senarioId=2380,All,18 - 150,Abdomen,,True,True,True,False,True,True,False,True,False,False,False,False,False,True,True,False,True,False,False,False,False,False,False,False
Gastrointestinal,3102195,"Upper GI bleeding, nonvariceal, no clear source on endoscopy, initial imaging",https://gravitas.acr.org/ACPortal/GetDataForOneScenario?senarioId=2379,All,18 - 150,Abdomen,,True,True,True,False,True,True,False,False,True,False,False,False,False,True,True,False,True,False,False,False,False,False,False,False
Gastrointestinal,3197482,"Upper GI bleeding, nonvariceal, postsurgical cause, endoscopy contraindicated, initial imaging",https://gravitas.acr.org/ACPortal/GetDataForOneScenario?senarioId=7754,All,18 - 150,Abdomen,,True,True,True,True,False,True,False,False,False,False,False,False,True,False,True,True,False,False,False,False,False,False,False,False
Gastrointestinal,3197483,"Upper GI bleeding, nonvariceal, traumatic cause, endoscopy contraindicated, initial imaging",https://gravitas.acr.org/ACPortal/GetDataForOneScenario?senarioId=7755,All,18 - 150,Abdomen,,True,True,True,True,False,True,False,False,False,False,False,False,True,False,True,True,False,False,False,False,False,False,False,False
Gyn and OB,3197524,"Endometriosis suspected, initial imaging",https://gravitas.acr.org/ACPortal/GetDataForOneScenario?senarioId=7774,Female Only,18 - 150,Pelvis,,False,False,True,True,False,True,True,False,False,True,False,True,False,False,False,False,False,False,False,False,False,True,False,False
Gyn and OB,3197531,"Endometriosis suspected, rectosigmoid, initial imaging",https://gravitas.acr.org/ACPortal/GetDataForOneScenario?senarioId=7779,Female Only,18 - 150,Pelvis,,False,False,True,True,False,True,True,False,False,True,False,True,False,False,False,False,False,False,False,False,False,True,False,False
Gyn and OB,3197526,"Endometriosis suspected, US indeterminate, next imaging study, characterization",https://gravitas.acr.org/ACPortal/GetDataForOneScenario?senarioId=7775,Female Only,18 - 150,Pelvis,,False,False,True,True,False,False,True,False,False,False,False,False,False,False,False,False,False,False,False,False,False,True,False,False
Gyn and OB,3197527,"Endometriosis suspected, US indeterminate, next imaging study, treatment planning",https://gravitas.acr.org/ACPortal/GetDataForOneScenario?senarioId=7776,Female Only,18 - 150,Pelvis,,False,False,True,True,False,False,True,False,False,False,False,False,False,False,False,False,False,False,False,False,False,True,False,False
Gyn and OB,3197528,"Endometriosis suspected, US negative, next imaging study, characterization",https://gravitas.acr.org/ACPortal/GetDataForOneScenario?senarioId=7777,Female Only,18 - 150,Pelvis,,False,False,True,True,False,False,True,False,False,False,False,False,False,False,False,False,False,False,False,False,False,True,False,False
Gyn and OB,3197529,"Endometriosis suspected, US negative, next imaging study, treatment planning",https://gravitas.acr.org/ACPortal/GetDataForOneScenario?senarioId=7778,Female Only,18 - 150,Pelvis,,False,False,True,True,False,False,True,False,False,False,False,False,False,False,False,False,False,False,False,False,False,True,False,False
Gyn and OB,3197534,"Endometriosis, postoperative diagnosis, new symptoms, follow-up imaging",https://gravitas.acr.org/ACPortal/GetDataForOneScenario?senarioId=7781,Female Only,18 - 150,Pelvis,,False,False,True,True,True,False,True,False,False,False,True,False,False,False,False,False,False,False,False,False,False,True,False,False
Gyn and OB,3197533,"Endometriosis, postoperative diagnosis, ongoing symptoms, follow-up imaging",https://gravitas.acr.org/ACPortal/GetDataForOneScenario?senarioId=7780,Female Only,18 - 150,Pelvis,,False,False,True,True,True,False,True,False,False,False,True,False,False,False,False,False,False,False,False,False,False,True,False,False
Gyn and OB,3195269,"Fibroids suspected, initial imaging",https://gravitas.acr.org/ACPortal/GetDataForOneScenario?senarioId=6226,Female Only,18 - 150,Pelvis,,False,False,True,True,True,False,False,True,False,True,False,False,False,False,False,False,False,False,False,False,False,True,False,False
Gyn and OB,3141652,"Ovarian cancer, recurrence known",https://gravitas.acr.org/ACPortal/GetDataForOneScenario?senarioId=4450,Female Only,18 - 150,Pelvis,,True,True,True,True,True,True,False,True,False,False,False,True,True,False,True,True,False,False,False,False,False,False,False,False
Gyn and OB,3141651,"Ovarian cancer, recurrence suspected",https://gravitas.acr.org/ACPortal/GetDataForOneScenario?senarioId=4449,Female Only,18 - 150,Pelvis,,True,True,True,True,True,True,False,True,False,False,False,True,True,False,True,True,False,False,False,False,False,False,False,False
Gyn and OB,3194859,"Pelvic floor surgery, postoperative, subacute complications, not recurrent pelvic floor dysfunction, initial imaging",https://gravitas.acr.org/ACPortal/GetDataForOneScenario?senarioId=5959,Female Only,18 - 150,Pelvis,,False,False,True,True,True,True,True,True,False,False,True,True,False,True,True,False,False,False,False,False,False,True,False,False
Gyn and OB,3194841,"Pelvic organ prolapse suspected, initial imaging",https://gravitas.acr.org/ACPortal/GetDataForOneScenario?senarioId=5943,Female Only,18 - 150,Pelvis,,False,False,True,True,True,True,True,True,True,False,True,True,True,False,True,False,False,False,False,False,False,True,False,False
Gyn and OB,3074377,"Pelvic pain, acute, negative beta-hCG, gynecological etiology suspected, initial imaging",https://gravitas.acr.org/ACPortal/GetDataForOneScenario?senarioId=1042,Female Only,10 - 60,Pelvis,,False,True,True,True,True,True,False,True,True,True,False,False,False,False,False,False,False,False,True,False,False,False,False,False
Gyn and OB,3074379,"Pelvic pain, acute, negative beta-hCG, non-gynecological etiology suspected, initial imaging",https://gravitas.acr.org/ACPortal/GetDataForOneScenario?senarioId=1044,Female Only,10 - 60,Pelvis,,True,False,True,True,True,False,False,True,False,True,False,False,False,False,False,True,False,False,False,False,False,False,False,False
Gyn and OB,3193989,"Pelvic pain, acute, postmenopausal, initial imaging",https://gravitas.acr.org/ACPortal/GetDataForOneScenario?senarioId=5482,Female Only,18 - 150,Pelvis,,True,True,True,True,True,False,False,True,False,True,False,False,False,False,False,True,False,False,False,False,False,False,False,False
Gyn and OB,3148178,"Pelvic pain, chronic, post-menopausal",https://gravitas.acr.org/ACPortal/GetDataForOneScenario?senarioId=4553,Female Only,18 - 150,Pelvis,,False,True,True,True,True,True,False,True,False,True,False,False,False,False,True,False,False,False,True,False,False,False,False,False
Gyn and OB,3148585,"Perineal pain, chronic, post-menopausal",https://gravitas.acr.org/ACPortal/GetDataForOneScenario?senarioId=4573,Female Only,18 - 150,Pelvis,,False,False,True,True,True,True,False,True,False,True,False,False,False,False,True,False,False,False,False,False,False,True,False,False
Gyn and OB,3185408,"Postpartum hemorrhage, <= 24 hrs after vaginal delivery, initial Imaging",https://gravitas.acr.org/ACPortal/GetDataForOneScenario?senarioId=5359,Female Only,10 - 60,Pelvis,,False,True,False,True,False,True,False,False,True,True,False,False,False,False,False,False,False,False,True,False,False,False,False,False
Gyn and OB,3185409,"Postpartum hemorrhage, >24hrs to <= 6wks hrs after cesarean delivery, initial Imaging",https://gravitas.acr.org/ACPortal/GetDataForOneScenario?senarioId=5360,Female Only,10 - 60,Pelvis,,False,True,False,True,True,False,False,True,False,True,False,False,False,False,False,False,False,False,True,False,False,False,False,False
Gyn and OB,3185410,"Postpartum hemorrhage, >24hrs to <= 6wks hrs after vaginal delivery, initial Imaging",https://gravitas.acr.org/ACPortal/GetDataForOneScenario?senarioId=5361,Female Only,10 - 60,Pelvis,,False,True,False,True,False,False,False,False,False,True,False,False,False,False,False,False,False,False,True,False,False,False,False,False
Gyn and OB,3191929,"Uterine bleeding, abnormal, US inconclusive, follow-up imaging",https://gravitas.acr.org/ACPortal/GetDataForOneScenario?senarioId=5434,Female Only,12 - 150,Pelvis,,False,False,True,True,False,False,True,False,False,True,False,False,False,False,False,False,False,False,False,False,False,True,False,False
Gyn and OB,3191930,"Uterine bleeding, abnormal, US performed, follow-up imaging for further characterization",https://gravitas.acr.org/ACPortal/GetDataForOneScenario?senarioId=5435,Female Only,12 - 150,Pelvis,,False,False,True,True,False,False,True,False,False,True,False,False,False,False,False,False,False,False,False,False,False,True,False,False
Gyn and OB,3194840,"Vaginal bulge, initial imaging",https://gravitas.acr.org/ACPortal/GetDataForOneScenario?senarioId=5942,Female Only,18 - 150,Pelvis,,False,False,True,True,True,True,True,True,True,False,True,True,True,False,True,False,False,False,False,False,False,True,False,False
Gyn and OB,3194212,"Vaginal cancer, recurrence known, extent of disease evaluation, initial imaging",https://gravitas.acr.org/ACPortal/GetDataForOneScenario?senarioId=5574,Female Only,18 - 150,Pelvis,,True,True,True,True,True,True,True,True,False,False,False,True,True,False,True,True,False,False,False,False,False,False,False,False
Gyn and OB,3194211,"Vaginal cancer, recurrence suspected, extent of disease evaluation, initial imaging",https://gravitas.acr.org/ACPortal/GetDataForOneScenario?senarioId=5573,Female Only,18 - 150,Pelvis,,True,True,True,True,True,True,True,True,False,False,False,True,True,False,True,True,False,False,False,False,False,False,False,False
Gyn and OB,3148587,"Vaginal pain, chronic, post-menopausal",https://gravitas.acr.org/ACPortal/GetDataForOneScenario?senarioId=4575,Female Only,18 - 150,Pelvis,,False,False,True,True,True,True,False,True,False,True,False,False,False,False,True,False,False,False,False,False,False,True,False,False
Gyn and OB,3194839,"Vaginal protrusion, initial imaging",https://gravitas.acr.org/ACPortal/GetDataForOneScenario?senarioId=5941,Female Only,18 - 150,Pelvis,,False,False,True,True,True,True,True,True,True,False,True,True,True,False,True,False,False,False,False,False,False,True,False,False
Gyn and OB,3193993,"Vulvar cancer, treated, recurrence suspected",https://gravitas.acr.org/ACPortal/GetDataForOneScenario?senarioId=5486,Female Only,18 - 150,Pelvis,,True,True,True,True,True,True,True,True,False,False,False,True,True,False,True,True,False,False,False,False,False,False,False,False
Gyn and OB,3148586,"Vulvar pain, chronic, post-menopausal",https://gravitas.acr.org/ACPortal/GetDataForOneScenario?senarioId=4574,Female Only,18 - 150,Pelvis,,False,False,True,True,True,True,False,True,False,True,False,False,False,False,True,False,False,False,False,False,False,True,False,False
Musculoskeletal,3195452,"Osteomyelitis suspected, pelvis, initial imaging",https://gravitas.acr.org/ACPortal/GetDataForOneScenario?senarioId=6356,All,18 - 150,Pelvis,"Hip Pain, Shoulder Pain (to include suspected rotator cuff injury)",False,False,True,True,False,True,False,False,True,False,False,True,True,False,True,False,False,False,False,False,False,True,False,False
Musculoskeletal,3109052,"Primary bone tumor suspected, pelvis, initial imaging",https://gravitas.acr.org/ACPortal/GetDataForOneScenario?senarioId=2856,All,18 - 150,Pelvis,,False,False,True,True,False,True,False,False,True,False,False,True,True,False,True,False,False,False,False,False,False,True,False,False
Musculoskeletal,3195637,"Soft tissue infection suspected, abdomen, hx of puncture wound, possible foreign body retained, radiography normal, next imaging study",https://gravitas.acr.org/ACPortal/GetDataForOneScenario?senarioId=6536,All,18 - 150,Abdomen,"Hip Pain, Shoulder Pain (to include suspected rotator cuff injury)",True,False,False,True,False,False,True,False,False,True,False,False,False,False,False,True,False,False,False,False,False,False,False,False
Musculoskeletal,3195460,"Soft tissue infection suspected, abdomen, initial imaging",https://gravitas.acr.org/ACPortal/GetDataForOneScenario?senarioId=6364,All,18 - 150,Abdomen,"Hip Pain, Shoulder Pain (to include suspected rotator cuff injury)",False,False,True,True,False,True,False,False,True,False,False,True,True,False,True,False,False,False,False,False,False,True,False,False
Musculoskeletal,3195484,"Soft tissue infection suspected, abdomen, radiography findings suggest joint effusion, next imaging study",https://gravitas.acr.org/ACPortal/GetDataForOneScenario?senarioId=6387,All,18 - 150,Abdomen,"Hip Pain, Shoulder Pain (to include suspected rotator cuff injury)",True,True,True,True,False,True,True,False,False,True,False,False,True,False,True,True,False,False,False,False,False,False,False,False
Musculoskeletal,3195513,"Soft tissue infection suspected, abdomen, radiography findings suggest soft tissue swelling, next imaging study",https://gravitas.acr.org/ACPortal/GetDataForOneScenario?senarioId=6416,All,18 - 150,Abdomen,"Hip Pain, Shoulder Pain (to include suspected rotator cuff injury)",True,True,True,True,False,True,True,False,False,True,False,False,True,False,True,True,False,False,False,False,False,False,False,False
Musculoskeletal,3195655,"Soft tissue infection suspected, abdomen, radiography normal, necrotizing fasciitis highly suspected, next imaging study",https://gravitas.acr.org/ACPortal/GetDataForOneScenario?senarioId=6553,All,18 - 150,Abdomen,"Hip Pain, Shoulder Pain (to include suspected rotator cuff injury)",True,False,True,True,True,False,True,False,False,False,True,False,False,False,False,True,False,False,False,False,False,False,False,False
Musculoskeletal,3195498,"Soft tissue infection suspected, abdomen, radiography normal, next imaging study",https://gravitas.acr.org/ACPortal/GetDataForOneScenario?senarioId=6401,All,18 - 150,Abdomen,"Hip Pain, Shoulder Pain (to include suspected rotator cuff injury)",True,True,True,True,False,True,True,False,False,True,False,False,True,False,True,True,False,False,False,False,False,False,False,False
Musculoskeletal,3195670,"Soft tissue infection suspected, abdomen, soft tissue gas on radiography, no puncture wound, next imaging study",https://gravitas.acr.org/ACPortal/GetDataForOneScenario?senarioId=6568,All,18 - 150,Abdomen,"Hip Pain, Shoulder Pain (to include suspected rotator cuff injury)",True,False,True,True,True,False,True,False,False,False,True,False,False,False,False,True,False,False,False,False,False,False,False,False
Musculoskeletal,3195648,"Soft tissue infection suspected, pelvis, hx of puncture wound, possible foreign body retained, radiography normal, next imaging study",https://gravitas.acr.org/ACPortal/GetDataForOneScenario?senarioId=6547,All,18 - 150,Pelvis,"Hip Pain, Shoulder Pain (to include suspected rotator cuff injury)",True,False,False,True,False,False,True,False,False,True,False,False,False,False,False,True,False,False,False,False,False,False,False,False
Musculoskeletal,3195471,"Soft tissue infection suspected, pelvis, initial imaging",https://gravitas.acr.org/ACPortal/GetDataForOneScenario?senarioId=6375,All,18 - 150,Pelvis,"Hip Pain, Shoulder Pain (to include suspected rotator cuff injury)",False,False,True,True,False,True,False,False,True,False,False,True,True,False,True,False,False,False,False,False,False,True,False,False
Musculoskeletal,3195495,"Soft tissue infection suspected, pelvis, radiography findings suggest joint effusion, next imaging study",https://gravitas.acr.org/ACPortal/GetDataForOneScenario?senarioId=6398,All,18 - 150,Pelvis,"Hip Pain, Shoulder Pain (to include suspected rotator cuff injury)",True,True,True,True,False,True,True,False,False,True,False,False,True,False,True,True,False,False,False,False,False,False,False,False
Musculoskeletal,3195525,"Soft tissue infection suspected, pelvis, radiography findings suggest soft tissue swelling, next imaging study",https://gravitas.acr.org/ACPortal/GetDataForOneScenario?senarioId=6428,All,18 - 150,Pelvis,"Hip Pain, Shoulder Pain (to include suspected rotator cuff injury)",True,True,True,True,False,True,True,False,False,True,False,False,True,False,True,True,False,False,False,False,False,False,False,False
Musculoskeletal,3195667,"Soft tissue infection suspected, pelvis, radiography normal, necrotizing fasciitis highly suspected, next imaging study",https://gravitas.acr.org/ACPortal/GetDataForOneScenario?senarioId=6565,All,18 - 150,Pelvis,"Hip Pain, Shoulder Pain (to include suspected rotator cuff injury)",True,False,True,True,True,False,True,False,False,False,True,False,False,False,False,True,False,False,False,False,False,False,False,False
Musculoskeletal,3195510,"Soft tissue infection suspected, pelvis, radiography normal, next imaging study",https://gravitas.acr.org/ACPortal/GetDataForOneScenario?senarioId=6413,All,18 - 150,Pelvis,"Hip Pain, Shoulder Pain (to include suspected rotator cuff injury)",True,True,True,True,False,True,True,False,False,True,False,False,True,False,True,True,False,False,False,False,False,False,False,False
Musculoskeletal,3196235,"Soft tissue mass, abdomen, nonsuperficial, initial imaging",https://gravitas.acr.org/ACPortal/GetDataForOneScenario?senarioId=6964,All,18 - 150,Abdomen,,False,True,False,True,True,True,False,False,True,False,True,True,True,False,True,False,False,False,True,False,False,False,False,False
Musculoskeletal,3196267,"Soft tissue mass, abdomen, radiography and noncontrast US nondiagnostic, MRI contraindicated, next imaging study",https://gravitas.acr.org/ACPortal/GetDataForOneScenario?senarioId=6996,All,18 - 150,Abdomen,,True,True,True,False,False,True,False,False,False,False,False,True,False,False,True,False,False,True,False,False,False,False,False,False
Musculoskeletal,3196251,"Soft tissue mass, abdomen, radiography and noncontrast US nondiagnostic, next imaging study",https://gravitas.acr.org/ACPortal/GetDataForOneScenario?senarioId=6980,All,18 - 150,Abdomen,,False,True,True,True,True,True,True,True,False,False,False,True,False,False,True,False,False,False,True,False,False,False,False,False
Musculoskeletal,3196231,"Soft tissue mass, abdomen, superficial, initial imaging",https://gravitas.acr.org/ACPortal/GetDataForOneScenario?senarioId=6961,All,18 - 150,Abdomen,,False,False,True,True,False,True,False,False,True,True,False,True,True,False,True,False,False,False,False,False,False,True,False,False
Polytrauma,3197451,"Abdomen and pelvis trauma, penetrating, ballistic, normotensive, initial imaging",https://gravitas.acr.org/ACPortal/GetDataForOneScenario?senarioId=7734,All,18 - 150,Abdomen-pelvis,,True,True,True,True,False,True,False,False,True,False,False,False,True,False,False,True,False,False,False,False,False,False,False,False
Polytrauma,3197457,"Abdomen and pelvis trauma, penetrating, nonballistic, normotensive, initial imaging",https://gravitas.acr.org/ACPortal/GetDataForOneScenario?senarioId=7737,All,18 - 150,Abdomen-pelvis,,True,True,True,True,False,True,False,False,True,False,False,False,True,False,False,True,False,False,False,False,False,False,False,False
Polytrauma,3164894,"Polytrauma, blunt, hemodynamically stable, bowel trauma suspected, initial imaging",https://gravitas.acr.org/ACPortal/GetDataForOneScenario?senarioId=5208,All,18 - 150,Abdomen-pelvis,,True,True,True,True,False,True,False,False,True,True,False,True,True,False,False,True,False,False,False,False,False,False,False,False
Polytrauma,3164895,"Polytrauma, blunt, hemodynamically stable, urinary system trauma suspected, initial imaging",https://gravitas.acr.org/ACPortal/GetDataForOneScenario?senarioId=5209,All,18 - 150,Abdomen-pelvis,,True,True,True,True,False,True,False,False,True,True,False,True,True,False,True,True,False,False,False,False,False,False,False,False
Polytrauma,3197447,"Torso trauma, penetrating, ballistic, unknown trajectory, normotensive, initial imaging",https://gravitas.acr.org/ACPortal/GetDataForOneScenario?senarioId=7732,All,18 - 150,Chest-abdomen-pelvis,,True,True,True,True,False,True,False,False,True,False,False,False,True,False,False,True,False,False,False,False,False,False,False,False
Polytrauma,3197445,"Torso trauma, penetrating, hypotensive, initial imaging",https://gravitas.acr.org/ACPortal/GetDataForOneScenario?senarioId=7731,All,18 - 150,Chest-abdomen-pelvis,,True,False,True,True,False,True,False,False,True,False,False,False,True,False,False,True,False,False,False,False,False,False,False,False
Polytrauma,3197453,"Torso trauma, penetrating, nonballistic, unknown trajectory, normotensive, initial imaging",https://gravitas.acr.org/ACPortal/GetDataForOneScenario?senarioId=7735,All,18 - 150,Chest-abdomen-pelvis,,True,False,True,True,False,True,False,False,True,False,False,False,True,False,False,True,False,False,False,False,False,False,False,False
Urologic,3191907,"UTI, lower urinary tract, recurrent, risk factors",https://gravitas.acr.org/ACPortal/GetDataForOneScenario?senarioId=5412,Female Only,18 - 150,Abdomen-pelvis,,True,True,False,True,True,True,True,True,False,False,True,False,False,True,True,True,False,False,False,False,False,False,False,False
Urologic,3073701,Benign prostatic hyperplasia (BPH) suspected,https://gravitas.acr.org/ACPortal/GetDataForOneScenario?senarioId=629,Male Only,18 - 150,Pelvis,,False,False,True,False,True,True,False,False,True,False,True,False,False,False,True,False,False,False,False,False,False,False,True,False
Urologic,3196626,"Flank pain, acute, stone disease on recent imaging, recurrent symptoms, follow-up imaging",https://gravitas.acr.org/ACPortal/GetDataForOneScenario?senarioId=7218,All,18 - 150,Abdomen-pelvis,,True,True,True,False,True,True,False,False,True,False,True,False,False,True,True,False,True,False,False,False,False,False,False,False
Urologic,3196631,"Flank pain, acute, stone disease suspected, CT without contrast inconclusive for stones, next imaging study",https://gravitas.acr.org/ACPortal/GetDataForOneScenario?senarioId=7221,All,18 - 150,Abdomen-pelvis,,False,True,True,False,True,True,False,True,True,False,False,True,False,False,True,False,False,False,False,True,False,False,False,False
Urologic,3196624,"Flank pain, acute, stone disease suspected, no hx of stone disease, initial imaging",https://gravitas.acr.org/ACPortal/GetDataForOneScenario?senarioId=7217,All,18 - 150,Abdomen-pelvis,,True,False,True,False,True,True,False,False,True,False,False,False,False,True,True,False,True,False,False,False,False,False,False,False
Urologic,3196623,"Flank pain, acute, stone disease suspected, remote hx of stone disease, initial imaging",https://gravitas.acr.org/ACPortal/GetDataForOneScenario?senarioId=7216,All,18 - 150,Abdomen-pelvis,,True,False,True,False,True,True,False,False,True,False,False,False,False,True,True,False,True,False,False,False,False,False,False,False
Urologic,3181245,"Hematuria, gross, initial imaging",https://gravitas.acr.org/ACPortal/GetDataForOneScenario?senarioId=5317,All,18 - 150,Abdomen-pelvis,,True,True,False,True,True,True,True,True,False,False,True,False,False,False,True,True,False,False,False,False,False,False,False,False
Urologic,3106361,"HTN, high suspicion renal vascular, decreased renal function",https://gravitas.acr.org/ACPortal/GetDataForOneScenario?senarioId=2488,All,18 - 150,Abdomen,,False,True,False,True,False,True,True,False,True,True,False,False,False,False,True,False,False,False,True,False,False,False,False,False
Urologic,3073720,"HTN, high suspicion renal vascular, normal renal function",https://gravitas.acr.org/ACPortal/GetDataForOneScenario?senarioId=640,All,18 - 150,Abdomen,,True,False,False,True,True,True,True,True,False,True,False,False,False,True,True,True,False,False,False,False,False,False,False,False
Urologic,3197008,"Hydronephrosis, unknown cause, bilateral, asymptomatic, initial imaging",https://gravitas.acr.org/ACPortal/GetDataForOneScenario?senarioId=7394,All,18 - 150,Abdomen-pelvis,,False,True,True,True,True,True,True,True,True,False,False,True,True,False,True,False,False,False,True,False,False,False,False,False
Urologic,3197009,"Hydronephrosis, unknown cause, solitary kidney, asymptomatic, initial imaging",https://gravitas.acr.org/ACPortal/GetDataForOneScenario?senarioId=7395,All,18 - 150,Abdomen-pelvis,,False,True,True,True,True,True,True,True,True,False,False,True,True,False,True,False,False,False,True,False,False,False,False,False
Urologic,3197011,"Hydronephrosis, unknown cause, symptomatic, initial imaging",https://gravitas.acr.org/ACPortal/GetDataForOneScenario?senarioId=7396,All,18 - 150,Abdomen-pelvis,,True,True,True,True,True,True,True,True,True,True,False,False,True,True,True,True,False,False,False,False,False,False,False,False
Urologic,3197006,"Hydronephrosis, unknown cause, unilateral, asymptomatic, initial imaging",https://gravitas.acr.org/ACPortal/GetDataForOneScenario?senarioId=7393,All,18 - 150,Abdomen-pelvis,,True,True,True,True,True,True,True,True,True,False,True,True,True,False,True,True,False,False,False,False,False,False,False,False
Urologic,3073724,"Lower abdominal trauma, penetrating, urinary tract injury suspected",https://gravitas.acr.org/ACPortal/GetDataForOneScenario?senarioId=644,All,18 - 150,Pelvis,,True,True,True,True,True,True,False,False,True,False,False,True,True,True,True,True,False,False,False,False,False,False,False,False
Urologic,3196073,"Prostate cancer suspected, no prior biopsy, initial diagnosis, initial imaging",https://gravitas.acr.org/ACPortal/GetDataForOneScenario?senarioId=6820,Male Only,18 - 150,Abdomen-pelvis,,False,False,True,True,False,True,True,False,True,False,False,False,True,False,True,False,False,False,False,False,False,True,False,False
Urologic,3196074,"Prostate cancer suspected, TRUS guided biopsy negative, initial diagnosis, next imaging study",https://gravitas.acr.org/ACPortal/GetDataForOneScenario?senarioId=6821,Male Only,18 - 150,Abdomen-pelvis,,False,False,True,True,False,True,True,False,True,False,False,False,True,False,True,False,False,False,False,False,False,True,False,False
Urologic,3195302,"Pyelonephritis suspected, acute, advanced age, initial imaging",https://gravitas.acr.org/ACPortal/GetDataForOneScenario?senarioId=6249,All,18 - 150,Abdomen-pelvis,,True,True,True,False,True,True,False,True,True,False,True,False,False,False,True,False,True,False,False,False,False,False,False,False
Urologic,3195299,"Pyelonephritis suspected, acute, complicated, initial imaging",https://gravitas.acr.org/ACPortal/GetDataForOneScenario?senarioId=6246,All,18 - 150,Abdomen-pelvis,,True,True,True,False,True,True,False,True,True,False,True,False,False,False,True,False,True,False,False,False,False,False,False,False
Urologic,3195304,"Pyelonephritis suspected, acute, diabetes, initial imaging",https://gravitas.acr.org/ACPortal/GetDataForOneScenario?senarioId=6251,All,18 - 150,Abdomen-pelvis,,True,True,True,False,True,True,False,True,True,False,True,False,False,False,True,False,True,False,False,False,False,False,False,False
Urologic,3195303,"Pyelonephritis suspected, acute, immune compromise, initial imaging",https://gravitas.acr.org/ACPortal/GetDataForOneScenario?senarioId=6250,All,18 - 150,Abdomen-pelvis,,True,True,True,False,True,True,False,True,True,False,True,False,False,False,True,False,True,False,False,False,False,False,False,False
Urologic,3195300,"Pyelonephritis suspected, acute, lack of response to initial therapy, initial imaging",https://gravitas.acr.org/ACPortal/GetDataForOneScenario?senarioId=6247,All,18 - 150,Abdomen-pelvis,,True,True,True,False,True,True,False,True,True,False,True,False,False,False,True,False,True,False,False,False,False,False,False,False
Urologic,3195312,"Pyelonephritis suspected, acute, pelvic renal transplant hx, native kidneys in situ, no other complications, initial imaging",https://gravitas.acr.org/ACPortal/GetDataForOneScenario?senarioId=6256,All,18 - 150,Abdomen-pelvis,,True,True,True,True,True,True,False,True,True,True,False,True,False,False,True,True,False,False,False,False,False,False,False,False
Urologic,3195305,"Pyelonephritis suspected, acute, recurrent pyelonephritis, initial imaging",https://gravitas.acr.org/ACPortal/GetDataForOneScenario?senarioId=6252,All,18 - 150,Abdomen-pelvis,,True,True,True,False,True,True,False,True,True,False,True,False,False,False,True,False,True,False,False,False,False,False,False,False
Urologic,3195307,"Pyelonephritis suspected, acute, renal obstruction hx, initial imaging",https://gravitas.acr.org/ACPortal/GetDataForOneScenario?senarioId=6253,All,18 - 150,Abdomen-pelvis,,True,True,True,False,True,True,False,True,True,False,True,False,False,False,True,False,True,False,False,False,False,False,False,False
Urologic,3195308,"Pyelonephritis suspected, acute, renal stones hx, initial imaging",https://gravitas.acr.org/ACPortal/GetDataForOneScenario?senarioId=6254,All,18 - 150,Abdomen-pelvis,,True,True,True,False,True,True,False,True,True,False,True,False,False,False,True,False,True,False,False,False,False,False,False,False
Urologic,3195297,"Pyelonephritis suspected, acute, uncomplicated, first time presentation, initial imaging",https://gravitas.acr.org/ACPortal/GetDataForOneScenario?senarioId=6245,All,18 - 150,Abdomen-pelvis,,False,False,True,False,False,True,False,False,True,False,False,True,False,False,True,False,False,False,False,False,False,False,False,True
Urologic,3195301,"Pyelonephritis suspected, acute, vesicoureteral reflux, initial imaging",https://gravitas.acr.org/ACPortal/GetDataForOneScenario?senarioId=6248,All,18 - 150,Abdomen-pelvis,,True,True,True,False,True,True,False,True,True,False,True,False,False,False,True,False,True,False,False,False,False,False,False,False
Urologic,3074313,"Renal failure, acute kidney injury, initial imaging",https://gravitas.acr.org/ACPortal/GetDataForOneScenario?senarioId=1006,All,18 - 150,Abdomen,,False,True,True,True,True,True,False,True,True,True,True,False,False,True,True,False,False,False,True,False,False,False,False,False
Urologic,3074314,"Renal failure, chronic kidney disease, initial imaging",https://gravitas.acr.org/ACPortal/GetDataForOneScenario?senarioId=1007,All,18 - 150,Abdomen,,False,True,True,True,True,True,False,True,True,True,True,False,False,False,True,False,False,False,True,False,False,False,False,False
Urologic,3194002,"Renal failure, kidney disease unknown duration, initial imaging",https://gravitas.acr.org/ACPortal/GetDataForOneScenario?senarioId=5495,All,18 - 150,Abdomen,,False,True,True,True,True,True,False,True,True,True,False,False,False,False,True,False,False,False,True,False,False,False,False,False
Urologic,3194003,"Renal failure, neurogenic bladder, initial imaging",https://gravitas.acr.org/ACPortal/GetDataForOneScenario?senarioId=5496,All,18 - 150,Abdomen,,False,True,True,True,True,True,False,True,True,True,False,True,False,True,True,False,False,False,True,False,False,False,False,False
Urologic,3084034,"Renal mass, indeterminate, contraindication to iodinated and gadolinium based contrast, initial imaging",https://gravitas.acr.org/ACPortal/GetDataForOneScenario?senarioId=2058,All,18 - 150,Abdomen,,False,True,True,True,False,True,True,False,True,True,False,False,False,False,True,False,False,False,True,False,False,False,False,False
Urologic,3185446,"Renal mass, indeterminate, contraindication to iodinated contrast, initial imaging",https://gravitas.acr.org/ACPortal/GetDataForOneScenario?senarioId=5397,All,18 - 150,Abdomen,,False,True,True,True,True,True,True,True,True,True,True,False,False,False,True,False,False,False,True,False,False,False,False,False
Urologic,3073700,"Renal mass, indeterminate, no contraindication to iodinated or gadolinium based contrast, initial imaging",https://gravitas.acr.org/ACPortal/GetDataForOneScenario?senarioId=628,All,18 - 150,Abdomen,,True,True,False,True,True,True,True,True,True,True,True,False,False,False,True,True,False,False,False,False,False,False,False,False
Urologic,3082510,Renal transplant dysfunction,https://gravitas.acr.org/ACPortal/GetDataForOneScenario?senarioId=1184,All,18 - 150,Abdomen-pelvis,,False,False,True,True,False,True,False,False,True,True,False,True,False,False,True,False,False,False,False,False,False,True,False,False
Urologic,3197600,"Scrotal pain, acute, nontraumatic, no antecedent mass, initial imaging",https://gravitas.acr.org/ACPortal/GetDataForOneScenario?senarioId=7833,Male Only,0 - 150,Pelvis,,False,False,True,True,False,True,False,False,True,True,False,False,False,False,True,False,False,False,False,False,False,True,False,False
Urologic,3194871,"Scrotum abnormality, palpable, newly diagnosed, hx of infection, initial imaging",https://gravitas.acr.org/ACPortal/GetDataForOneScenario?senarioId=5966,Male Only,18 - 150,Pelvis,,False,False,True,True,True,True,False,True,True,True,False,False,False,False,True,False,False,False,False,False,False,True,False,False
Urologic,3194872,"Scrotum abnormality, palpable, newly diagnosed, hx of trauma, initial imaging",https://gravitas.acr.org/ACPortal/GetDataForOneScenario?senarioId=5967,Male Only,18 - 150,Pelvis,,False,False,True,True,True,True,False,True,True,True,False,False,False,False,True,False,False,False,False,False,False,True,False,False
Urologic,3194874,"Scrotum abnormality, palpable, newly diagnosed, no hx of infection, initial imaging",https://gravitas.acr.org/ACPortal/GetDataForOneScenario?senarioId=5968,Male Only,18 - 150,Pelvis,,False,False,True,True,True,True,False,True,True,True,False,False,False,False,True,False,False,False,False,False,False,True,False,False
Urologic,3194875,"Scrotum abnormality, palpable, newly diagnosed, no hx of trauma, initial imaging",https://gravitas.acr.org/ACPortal/GetDataForOneScenario?senarioId=5969,Male Only,18 - 150,Pelvis,,False,False,True,True,True,True,False,True,True,True,False,False,False,False,True,False,False,False,False,False,False,True,False,False
Urologic,3191904,"UTI, lower urinary tract, recurrent, complicated",https://gravitas.acr.org/ACPortal/GetDataForOneScenario?senarioId=5409,Female Only,18 - 150,Abdomen-pelvis,,True,True,False,True,True,True,True,True,False,False,True,False,False,True,True,True,False,False,False,False,False,False,False,False
Urologic,3191906,"UTI, lower urinary tract, recurrent, frequent relapses",https://gravitas.acr.org/ACPortal/GetDataForOneScenario?senarioId=5411,Female Only,18 - 150,Abdomen-pelvis,,True,True,False,True,True,True,True,True,False,False,True,False,False,True,True,True,False,False,False,False,False,False,False,False
Urologic,3191905,"UTI, lower urinary tract, recurrent, no response to conventional therapy",https://gravitas.acr.org/ACPortal/GetDataForOneScenario?senarioId=5410,Female Only,18 - 150,Abdomen-pelvis,,True,True,False,True,True,True,True,True,False,False,True,False,False,True,True,True,False,False,False,False,False,False,False,False
Urologic,3074311,"UTI, lower urinary tract, recurrent, uncomplicated, no risk factors",https://gravitas.acr.org/ACPortal/GetDataForOneScenario?senarioId=1004,Female Only,18 - 150,Abdomen-pelvis,,False,False,True,False,False,True,False,False,True,False,False,True,False,False,True,False,False,False,False,False,False,False,False,True
Vascular,3196605,"Abdominal mass, pulsatile, abdominal aortic aneurysm suspected, initial imaging",https://gravitas.acr.org/ACPortal/GetDataForOneScenario?senarioId=7203,All,18 - 150,Abdomen-pelvis,,True,True,False,True,True,True,True,True,False,True,False,True,False,False,True,True,False,False,False,False,False,False,False,False
Vascular,3194059,"Aortic disease, atherosclerotic, initial imaging",https://gravitas.acr.org/ACPortal/GetDataForOneScenario?senarioId=5548,All,18 - 150,Chest-abdomen,,True,True,True,True,True,True,True,False,False,True,True,True,True,False,True,True,False,False,False,False,False,False,False,False
Vascular,3194058,"Aortic disease, degenerative, initial imaging",https://gravitas.acr.org/ACPortal/GetDataForOneScenario?senarioId=5547,All,18 - 150,Chest-abdomen,,True,True,True,True,True,True,True,False,False,True,True,True,True,False,True,True,False,False,False,False,False,False,False,False
Vascular,3194055,"Aortic disease, infectious, initial imaging",https://gravitas.acr.org/ACPortal/GetDataForOneScenario?senarioId=5544,All,18 - 150,Chest-abdomen,,True,True,False,True,True,True,True,False,False,False,True,True,True,True,True,True,False,False,False,False,False,False,False,False
Vascular,3194054,"Aortic disease, inflammatory, initial imaging",https://gravitas.acr.org/ACPortal/GetDataForOneScenario?senarioId=5543,All,18 - 150,Chest-abdomen,,True,True,False,True,True,True,True,False,False,False,True,True,True,True,True,True,False,False,False,False,False,False,False,False
Vascular,3194057,"Aortic disease, metabolic, initial imaging",https://gravitas.acr.org/ACPortal/GetDataForOneScenario?senarioId=5546,All,18 - 150,Chest-abdomen,,True,True,False,True,True,True,True,False,False,False,True,True,True,True,True,True,False,False,False,False,False,False,False,False
Vascular,3194056,"Aortic disease, neoplastic, initial imaging",https://gravitas.acr.org/ACPortal/GetDataForOneScenario?senarioId=5545,All,18 - 150,Chest-abdomen,,True,True,False,True,True,True,True,False,False,False,True,True,True,True,True,True,False,False,False,False,False,False,False,False
Vascular,3196600,"Iliocaval disease suspected, severe post thrombotic changes, initial imaging",https://gravitas.acr.org/ACPortal/GetDataForOneScenario?senarioId=7199,All,18 - 150,Abdomen,,True,False,False,True,True,False,True,False,False,True,False,False,False,True,False,True,False,False,False,False,False,False,False,False
Vascular,3196603,"Iliocaval disease, severe post thrombotic changes, treatment",https://gravitas.acr.org/ACPortal/GetDataForOneScenario?senarioId=7201,All,18 - 150,Abdomen,,False,False,False,True,True,True,False,False,False,False,False,False,True,True,True,False,False,False,False,False,False,False,False,False
Vascular,3194260,"Retroperitoneal bleed suspected, initial imaging",https://gravitas.acr.org/ACPortal/GetDataForOneScenario?senarioId=5605,All,18 - 150,Abdomen-pelvis,,True,True,False,False,False,True,False,False,True,False,False,True,False,False,True,False,False,True,False,False,False,False,False,False
Vascular,3196084,"Thoracoabdominal aortic aneurysm, without repair, without or with new symptoms, follow-up imaging",https://gravitas.acr.org/ACPortal/GetDataForOneScenario?senarioId=6827,All,18 - 150,Chest-abdomen,,True,True,True,True,True,True,True,True,False,False,False,True,False,False,True,True,False,False,False,False,False,False,False,False
Vascular,3196083,"Thoracoabdominal aortic dissection, without repair, without or with new symptoms, follow-up imaging",https://gravitas.acr.org/ACPortal/GetDataForOneScenario?senarioId=6826,All,18 - 150,Chest-abdomen,,True,True,True,True,True,True,True,True,False,False,False,True,False,False,True,True,False,False,False,False,False,False,False,False
Gastrointestinal,3102641,"Liver disease, chronic, fibrosis suspected, diagnosis and staging, initial imaging",https://gravitas.acr.org/ACPortal/GetDataForOneScenario?senarioId=2429,All,18 - 150,Abdomen,,False,True,True,True,True,True,True,True,False,True,True,False,False,False,True,False,False,False,True,False,False,False,False,False
Gastrointestinal,3196683,"Sepsis suspected, non specific symptoms, unknown origin, chest radiography equivocal, next imaging study",https://gravitas.acr.org/ACPortal/GetDataForOneScenario?senarioId=7256,All,18 - 150,Chest,,True,True,True,False,True,True,False,False,True,False,True,False,False,False,True,False,True,False,False,False,False,False,False,False
Gastrointestinal,3196684,"Sepsis suspected, non specific symptoms, unknown origin, chest radiography nonspecific, next imaging study",https://gravitas.acr.org/ACPortal/GetDataForOneScenario?senarioId=7257,All,18 - 150,Chest,,True,True,True,False,True,True,False,False,True,False,True,False,False,False,True,False,True,False,False,False,False,False,False,False
Gastrointestinal,3196682,"Sepsis suspected, non specific symptoms, unknown origin, chest radiography normal, next imaging study",https://gravitas.acr.org/ACPortal/GetDataForOneScenario?senarioId=7255,All,18 - 150,Chest,,True,True,True,False,True,True,False,False,True,False,True,False,False,False,True,False,True,False,False,False,False,False,False,False
Gastrointestinal,3196689,"Sepsis suspected, cannot assess symptoms, chest radiography equivocal, next imaging study",https://gravitas.acr.org/ACPortal/GetDataForOneScenario?senarioId=7262,All,18 - 150,Chest,,True,True,True,False,True,True,False,False,True,False,True,False,False,False,True,False,True,False,False,False,False,False,False,False
Gastrointestinal,3196690,"Sepsis suspected, cannot assess symptoms, chest radiography nonspecific, next imaging study",https://gravitas.acr.org/ACPortal/GetDataForOneScenario?senarioId=7263,All,18 - 150,Chest,,True,True,True,False,True,True,False,False,True,False,True,False,False,False,True,False,True,False,False,False,False,False,False,False
Gastrointestinal,3196688,"Sepsis suspected, cannot assess symptoms, chest radiography normal, next imaging study",https://gravitas.acr.org/ACPortal/GetDataForOneScenario?senarioId=7261,All,18 - 150,Chest,,True,True,True,False,True,True,False,False,True,False,True,False,False,False,True,False,True,False,False,False,False,False,False,False
Gastrointestinal,3196679,"Sepsis suspected, cannot assess symptoms, initial imaging",https://gravitas.acr.org/ACPortal/GetDataForOneScenario?senarioId=7253,All,18 - 150,Unspecified,,False,True,True,True,True,True,False,False,True,False,True,False,True,False,True,False,False,False,True,False,False,False,False,False
Gastrointestinal,3196677,"Sepsis suspected, non specific symptoms, unknown origin, initial imaging",https://gravitas.acr.org/ACPortal/GetDataForOneScenario?senarioId=7251,All,18 - 150,Unspecified,,False,True,True,True,True,True,False,False,True,False,True,False,True,False,True,False,False,False,True,False,False,False,False,False
Gastrointestinal,3196691,"Sepsis, cannot assess symptoms, chest radiography normal, next imaging study",https://gravitas.acr.org/ACPortal/GetDataForOneScenario?senarioId=7264,All,18 - 150,Chest,,True,True,True,False,True,True,False,False,True,False,True,False,False,False,True,False,True,False,False,False,False,False,False,False
Gastrointestinal,3196692,"Sepsis, cannot assess symptoms, chest radiography equivocal, next imaging study",https://gravitas.acr.org/ACPortal/GetDataForOneScenario?senarioId=7265,All,18 - 150,Chest,,True,True,True,False,True,True,False,False,True,False,True,False,False,False,True,False,True,False,False,False,False,False,False,False
Gastrointestinal,3196693,"Sepsis, cannot assess symptoms, chest radiography nonspecific, next imaging study",https://gravitas.acr.org/ACPortal/GetDataForOneScenario?senarioId=7266,All,18 - 150,Chest,,True,True,True,False,True,True,False,False,True,False,True,False,False,False,True,False,True,False,False,False,False,False,False,False
Gastrointestinal,3196680,"Sepsis, cannot assess symptoms, initial imaging",https://gravitas.acr.org/ACPortal/GetDataForOneScenario?senarioId=7254,All,18 - 150,Unspecified,,False,True,True,True,True,True,False,False,True,False,True,False,True,False,True,False,False,False,True,False,False,False,False,False
Gastrointestinal,3196686,"Sepsis, non specific symptoms, unknown origin, chest radiography equivocal, next imaging study",https://gravitas.acr.org/ACPortal/GetDataForOneScenario?senarioId=7259,All,18 - 150,Chest,,True,True,True,False,True,True,False,False,True,False,True,False,False,False,True,False,True,False,False,False,False,False,False,False
Gastrointestinal,3196687,"Sepsis, non specific symptoms, unknown origin, chest radiography nonspecific, next imaging study",https://gravitas.acr.org/ACPortal/GetDataForOneScenario?senarioId=7260,All,18 - 150,Chest,,True,True,True,False,True,True,False,False,True,False,True,False,False,False,True,False,True,False,False,False,False,False,False,False
Gastrointestinal,3196685,"Sepsis, non specific symptoms, unknown origin, chest radiography normal, next imaging study",https://gravitas.acr.org/ACPortal/GetDataForOneScenario?senarioId=7258,All,18 - 150,Chest,,True,True,True,False,True,True,False,False,True,False,True,False,False,False,True,False,True,False,False,False,False,False,False,False
Gastrointestinal,3196678,"Sepsis, non specific symptoms, unknown origin, initial imaging",https://gravitas.acr.org/ACPortal/GetDataForOneScenario?senarioId=7252,All,18 - 150,Unspecified,,False,True,True,True,True,True,False,False,True,False,True,False,True,False,True,False,False,False,True,False,False,False,False,False
Polytrauma,3164891,"Polytrauma, blunt, hemodynamically stable, NOS, initial imaging",https://gravitas.acr.org/ACPortal/GetDataForOneScenario?senarioId=5205,All,18 - 150,Unspecified,,True,True,False,True,False,True,False,False,True,True,False,False,True,False,True,True,False,False,False,False,False,False,False,False
Polytrauma,3164890,"Polytrauma, blunt, hemodynamically unstable, initial imaging",https://gravitas.acr.org/ACPortal/GetDataForOneScenario?senarioId=5204,All,18 - 150,Unspecified,,False,True,False,True,False,True,False,False,True,True,False,False,True,False,False,False,False,False,True,False,False,False,False,False
