panel,scenario-id,scenario-text,scenario-url,sex,age,body-area,priority-clinical-areas
Gastrointestinal,3195285,"Deep pelvic hernia suspected, obturator, initial imaging",https://gravitas.acr.org/ACPortal/GetDataForOneScenario?senarioId=6237,All,18 - 150,Pelvis,
Gastrointestinal,3195287,"Deep pelvic hernia suspected, perineal, initial imaging",https://gravitas.acr.org/ACPortal/GetDataForOneScenario?senarioId=6239,All,18 - 150,Pelvis,
Gastrointestinal,3195286,"Deep pelvic hernia suspected, sciatic, initial imaging",https://gravitas.acr.org/ACPortal/GetDataForOneScenario?senarioId=6238,All,18 - 150,Pelvis,
Gastrointestinal,3194184,"Perianal abscess suspected, initial imaging",https://gravitas.acr.org/ACPortal/GetDataForOneScenario?senarioId=5555,All,18 - 150,Pelvis,
Gastrointestinal,3194185,"Perianal fistula suspected, initial imaging",https://gravitas.acr.org/ACPortal/GetDataForOneScenario?senarioId=5556,All,18 - 150,Pelvis,
Gastrointestinal,3194188,"Rectovaginal fistula suspected, initial imaging",https://gravitas.acr.org/ACPortal/GetDataForOneScenario?senarioId=5558,All,18 - 150,Pelvis,
Gastrointestinal,3194187,"Rectovesicular fistula suspected, initial imaging",https://gravitas.acr.org/ACPortal/GetDataForOneScenario?senarioId=5557,All,18 - 150,Pelvis,
Gyn and OB,3197148,"Adnexal mass suspected, no acute symptoms, postmenopausal, initial imaging",https://gravitas.acr.org/ACPortal/GetDataForOneScenario?senarioId=7520,Female Only,18 - 150,Pelvis,
Gyn and OB,3074166,"Adnexal mass suspected, no acute symptoms, premenopausal, initial imaging",https://gravitas.acr.org/ACPortal/GetDataForOneScenario?senarioId=877,Female Only,18 - 150,Pelvis,
Gyn and OB,3082200,"Adnexal mass, likely benign, no acute symptoms, postmenopausal, follow-up imaging",https://gravitas.acr.org/ACPortal/GetDataForOneScenario?senarioId=1171,Female Only,18 - 150,Pelvis,
Gyn and OB,3074171,"Adnexal mass, likely benign, no acute symptoms, premenopausal, follow-up imaging",https://gravitas.acr.org/ACPortal/GetDataForOneScenario?senarioId=881,Female Only,18 - 150,Pelvis,
Gyn and OB,3149341,"Adnexal mass, no acute symptoms, postmenopausal, initial pelvic US indeterminate, follow-up imaging",https://gravitas.acr.org/ACPortal/GetDataForOneScenario?senarioId=4705,Female Only,18 - 150,Pelvis,
Gyn and OB,3197151,"Adnexal mass, no acute symptoms, postmenopausal, initial pelvic US indeterminate, next imaging study for characterization",https://gravitas.acr.org/ACPortal/GetDataForOneScenario?senarioId=7522,Female Only,18 - 150,Pelvis,
Gyn and OB,3197155,"Adnexal mass, no acute symptoms, postmenopausal, pelvic US suspicious for malignancy, next imaging study for characterization",https://gravitas.acr.org/ACPortal/GetDataForOneScenario?senarioId=7523,Female Only,18 - 150,Pelvis,
Gyn and OB,3082202,"Adnexal mass, no acute symptoms, premenopausal, initial pelvic US indeterminate, follow-up imaging",https://gravitas.acr.org/ACPortal/GetDataForOneScenario?senarioId=1172,Female Only,18 - 150,Pelvis,
Gyn and OB,3197150,"Adnexal mass, no acute symptoms, premenopausal, initial pelvic US indeterminate, next imaging study for characterization",https://gravitas.acr.org/ACPortal/GetDataForOneScenario?senarioId=7521,Female Only,18 - 150,Pelvis,
Gyn and OB,3149342,"Adnexal mass, no acute symptoms, premenopausal, pelvic US suspicious for malignancy, next imaging study for characterization",https://gravitas.acr.org/ACPortal/GetDataForOneScenario?senarioId=4706,Female Only,18 - 150,Pelvis,
Gyn and OB,3196732,"Cervical cancer, chemoradiation, posttreatment evaluation",https://gravitas.acr.org/ACPortal/GetDataForOneScenario?senarioId=7287,Female Only,18 - 150,Pelvis,
Gyn and OB,3196735,"Cervical cancer, local recurrence suspected, follow-up imaging",https://gravitas.acr.org/ACPortal/GetDataForOneScenario?senarioId=7288,Female Only,18 - 150,Pelvis,
Gyn and OB,3196736,"Cervical cancer, local recurrence, follow-up imaging",https://gravitas.acr.org/ACPortal/GetDataForOneScenario?senarioId=7289,Female Only,18 - 150,Pelvis,
Gyn and OB,3196737,"Cervical cancer, mets recurrence suspected, follow-up imaging",https://gravitas.acr.org/ACPortal/GetDataForOneScenario?senarioId=7290,Female Only,18 - 150,Pelvis,
Gyn and OB,3196738,"Cervical cancer, mets recurrence, follow-up imaging",https://gravitas.acr.org/ACPortal/GetDataForOneScenario?senarioId=7291,Female Only,18 - 150,Pelvis,
Gyn and OB,3194854,"Defecatory dysfunction, difficulty initiating defecation, initial imaging",https://gravitas.acr.org/ACPortal/GetDataForOneScenario?senarioId=5955,Female Only,18 - 150,Pelvis,
Gyn and OB,3194857,"Defecatory dysfunction, digital maneuvers to defecate, initial imaging",https://gravitas.acr.org/ACPortal/GetDataForOneScenario?senarioId=5958,Female Only,18 - 150,Pelvis,
Gyn and OB,3194855,"Defecatory dysfunction, incomplete evacuation, initial imaging",https://gravitas.acr.org/ACPortal/GetDataForOneScenario?senarioId=5956,Female Only,18 - 150,Pelvis,
Gyn and OB,3194852,"Defecatory dysfunction, incontinence of gas, initial imaging",https://gravitas.acr.org/ACPortal/GetDataForOneScenario?senarioId=5953,Female Only,18 - 150,Pelvis,
Gyn and OB,3194851,"Defecatory dysfunction, incontinence of liquid, initial imaging",https://gravitas.acr.org/ACPortal/GetDataForOneScenario?senarioId=5952,Female Only,18 - 150,Pelvis,
Gyn and OB,3194850,"Defecatory dysfunction, incontinence of stool, initial imaging",https://gravitas.acr.org/ACPortal/GetDataForOneScenario?senarioId=5951,Female Only,18 - 150,Pelvis,
Gyn and OB,3194856,"Defecatory dysfunction, splinting, initial imaging",https://gravitas.acr.org/ACPortal/GetDataForOneScenario?senarioId=5957,Female Only,18 - 150,Pelvis,
Gyn and OB,3194853,"Defecatory dysfunction, straining during defecation, initial imaging",https://gravitas.acr.org/ACPortal/GetDataForOneScenario?senarioId=5954,Female Only,18 - 150,Pelvis,
Gyn and OB,3185436,"Endometrial cancer, pretreatment evaluation, low grade, assess lymph node and mets",https://gravitas.acr.org/ACPortal/GetDataForOneScenario?senarioId=5387,Female Only,18 - 150,Pelvis,
Gyn and OB,3079768,"Endometrial cancer, treated, recurrence suspected",https://gravitas.acr.org/ACPortal/GetDataForOneScenario?senarioId=1100,Female Only,18 - 150,Pelvis,
Gyn and OB,3197524,"Endometriosis suspected, initial imaging",https://gravitas.acr.org/ACPortal/GetDataForOneScenario?senarioId=7774,Female Only,18 - 150,Pelvis,
Gyn and OB,3197531,"Endometriosis suspected, rectosigmoid, initial imaging",https://gravitas.acr.org/ACPortal/GetDataForOneScenario?senarioId=7779,Female Only,18 - 150,Pelvis,
Gyn and OB,3197526,"Endometriosis suspected, US indeterminate, next imaging study, characterization",https://gravitas.acr.org/ACPortal/GetDataForOneScenario?senarioId=7775,Female Only,18 - 150,Pelvis,
Gyn and OB,3197527,"Endometriosis suspected, US indeterminate, next imaging study, treatment planning",https://gravitas.acr.org/ACPortal/GetDataForOneScenario?senarioId=7776,Female Only,18 - 150,Pelvis,
Gyn and OB,3197528,"Endometriosis suspected, US negative, next imaging study, characterization",https://gravitas.acr.org/ACPortal/GetDataForOneScenario?senarioId=7777,Female Only,18 - 150,Pelvis,
Gyn and OB,3197529,"Endometriosis suspected, US negative, next imaging study, treatment planning",https://gravitas.acr.org/ACPortal/GetDataForOneScenario?senarioId=7778,Female Only,18 - 150,Pelvis,
Gyn and OB,3197534,"Endometriosis, postoperative diagnosis, new symptoms, follow-up imaging",https://gravitas.acr.org/ACPortal/GetDataForOneScenario?senarioId=7781,Female Only,18 - 150,Pelvis,
Gyn and OB,3197533,"Endometriosis, postoperative diagnosis, ongoing symptoms, follow-up imaging",https://gravitas.acr.org/ACPortal/GetDataForOneScenario?senarioId=7780,Female Only,18 - 150,Pelvis,
Gyn and OB,3149273,"Fetal growth disturbance, high risk for fetal growth restriction",https://gravitas.acr.org/ACPortal/GetDataForOneScenario?senarioId=4637,Female Only,10 - 60,Pelvis,
Gyn and OB,3149272,"Fetal growth disturbance, low risk for fetal growth restriction",https://gravitas.acr.org/ACPortal/GetDataForOneScenario?senarioId=4636,Female Only,10 - 60,Pelvis,
Gyn and OB,3149274,"Fetal growth restriction, follow up",https://gravitas.acr.org/ACPortal/GetDataForOneScenario?senarioId=4638,Female Only,10 - 60,Pelvis,
Gyn and OB,3195269,"Fibroids suspected, initial imaging",https://gravitas.acr.org/ACPortal/GetDataForOneScenario?senarioId=6226,Female Only,18 - 150,Pelvis,
Gyn and OB,3195271,"Fibroids, treatment planning, initial imaging",https://gravitas.acr.org/ACPortal/GetDataForOneScenario?senarioId=6227,Female Only,18 - 150,Pelvis,
Gyn and OB,3155923,Gestational trophoblastic disease (GTD) suspected,https://gravitas.acr.org/ACPortal/GetDataForOneScenario?senarioId=4786,Female Only,10 - 60,Pelvis,
Gyn and OB,3163053,"Gestational trophoblastic disease (GTD), assess for complications",https://gravitas.acr.org/ACPortal/GetDataForOneScenario?senarioId=4912,Female Only,10 - 60,Pelvis,
Gyn and OB,3163051,Gestational trophoblastic neoplasia (GTN) suspected,https://gravitas.acr.org/ACPortal/GetDataForOneScenario?senarioId=4910,Female Only,10 - 60,Pelvis,
Gyn and OB,3163054,"Gestational trophoblastic neoplasia (GTN), assess for complications",https://gravitas.acr.org/ACPortal/GetDataForOneScenario?senarioId=4913,Female Only,10 - 60,Pelvis,
Gyn and OB,3183774,"Gravid cervix assessment, active term labor, initial imaging",https://gravitas.acr.org/ACPortal/GetDataForOneScenario?senarioId=5337,Female Only,10 - 60,Pelvis,
Gyn and OB,3181230,"Gravid cervix assessment, hx of preterm birth, initial imaging",https://gravitas.acr.org/ACPortal/GetDataForOneScenario?senarioId=5302,Female Only,10 - 60,Pelvis,
Gyn and OB,3183773,"Gravid cervix assessment, labor induction, initial imaging",https://gravitas.acr.org/ACPortal/GetDataForOneScenario?senarioId=5336,Female Only,10 - 60,Pelvis,
Gyn and OB,3183772,"Gravid cervix assessment, no hx of preterm birth, initial imaging",https://gravitas.acr.org/ACPortal/GetDataForOneScenario?senarioId=5335,Female Only,10 - 60,Pelvis,
Gyn and OB,3183771,"Gravid cervix assessment, nulliparous, initial imaging",https://gravitas.acr.org/ACPortal/GetDataForOneScenario?senarioId=5334,Female Only,10 - 60,Pelvis,
Gyn and OB,3181231,"Gravid cervix assessment, preterm labor suspected, initial imaging",https://gravitas.acr.org/ACPortal/GetDataForOneScenario?senarioId=5303,Female Only,10 - 60,Pelvis,
Gyn and OB,3180663,"Infertility, endometriosis suspected, initial imaging",https://gravitas.acr.org/ACPortal/GetDataForOneScenario?senarioId=5291,Female Only,10 - 60,Pelvis,
Gyn and OB,3180664,"Infertility, endometriosis, initial imaging",https://gravitas.acr.org/ACPortal/GetDataForOneScenario?senarioId=5292,Female Only,10 - 60,Pelvis,
Gyn and OB,3164925,"Infertility, evaluate ovulatory function and reserve, initial imaging",https://gravitas.acr.org/ACPortal/GetDataForOneScenario?senarioId=5239,Female Only,10 - 60,Pelvis,
Gyn and OB,3180661,"Infertility, polycystic ovary syndrome suspected, initial imaging",https://gravitas.acr.org/ACPortal/GetDataForOneScenario?senarioId=5289,Female Only,10 - 60,Pelvis,
Gyn and OB,3180662,"Infertility, polycystic ovary syndrome, initial imaging",https://gravitas.acr.org/ACPortal/GetDataForOneScenario?senarioId=5290,Female Only,10 - 60,Pelvis,
Gyn and OB,3097329,"Infertility, recurring pregnancy loss, initial imaging",https://gravitas.acr.org/ACPortal/GetDataForOneScenario?senarioId=2123,Female Only,10 - 60,Pelvis,
Gyn and OB,3164926,"Infertility, tubal occlusion suspected, initial imaging",https://gravitas.acr.org/ACPortal/GetDataForOneScenario?senarioId=5240,Female Only,10 - 60,Pelvis,
Gyn and OB,3197485,"Multiple gestations suspected, dichorionic, first trimester, initial imaging",https://gravitas.acr.org/ACPortal/GetDataForOneScenario?senarioId=7756,Female Only,10 - 60,Pelvis,
Gyn and OB,3197486,"Multiple gestations suspected, monochorionic, first trimester, initial imaging",https://gravitas.acr.org/ACPortal/GetDataForOneScenario?senarioId=7757,Female Only,10 - 60,Pelvis,
Gyn and OB,3197494,"Multiple gestations, dichorionic twins, second trimester anatomy exam, follow-up imaging",https://gravitas.acr.org/ACPortal/GetDataForOneScenario?senarioId=7763,Female Only,10 - 60,Pelvis,
Gyn and OB,3197490,"Multiple gestations, dichorionic, first trimester US performed, next imaging study",https://gravitas.acr.org/ACPortal/GetDataForOneScenario?senarioId=7760,Female Only,10 - 60,Pelvis,
Gyn and OB,3197487,"Multiple gestations, dichorionic, first trimester, initial imaging",https://gravitas.acr.org/ACPortal/GetDataForOneScenario?senarioId=7758,Female Only,10 - 60,Pelvis,
Gyn and OB,3197496,"Multiple gestations, monochorionic twins, second trimester anatomy exam, follow-up imaging",https://gravitas.acr.org/ACPortal/GetDataForOneScenario?senarioId=7764,Female Only,10 - 60,Pelvis,
Gyn and OB,3197491,"Multiple gestations, monochorionic, first trimester US performed, next imaging study",https://gravitas.acr.org/ACPortal/GetDataForOneScenario?senarioId=7761,Female Only,10 - 60,Pelvis,
Gyn and OB,3197488,"Multiple gestations, monochorionic, first trimester, initial imaging",https://gravitas.acr.org/ACPortal/GetDataForOneScenario?senarioId=7759,Female Only,10 - 60,Pelvis,
Gyn and OB,3197493,"Multiple gestations, multichorionic higher order multiples, second trimester anatomy exam, follow-up imaging",https://gravitas.acr.org/ACPortal/GetDataForOneScenario?senarioId=7762,Female Only,10 - 60,Pelvis,
Gyn and OB,3185425,"Nuchal translucency measurement, increased, 11-14 weeks gestation, dichorionic twins",https://gravitas.acr.org/ACPortal/GetDataForOneScenario?senarioId=5376,Female Only,10 - 60,Pelvis,
Gyn and OB,3185426,"Nuchal translucency measurement, increased, 11-14 weeks gestation, monochorionic twins,",https://gravitas.acr.org/ACPortal/GetDataForOneScenario?senarioId=5377,Female Only,10 - 60,Pelvis,
Gyn and OB,3185424,"Nuchal translucency measurement, increased, 11-14 weeks gestation, single gestation",https://gravitas.acr.org/ACPortal/GetDataForOneScenario?senarioId=5375,Female Only,10 - 60,Pelvis,
Gyn and OB,3185423,"Nuchal translucency measurement, routine, 11-14 weeks gestation, single or twins, initial imaging",https://gravitas.acr.org/ACPortal/GetDataForOneScenario?senarioId=5374,Female Only,10 - 60,Pelvis,
Gyn and OB,3141652,"Ovarian cancer, recurrence known",https://gravitas.acr.org/ACPortal/GetDataForOneScenario?senarioId=4450,Female Only,18 - 150,Pelvis,
Gyn and OB,3141651,"Ovarian cancer, recurrence suspected",https://gravitas.acr.org/ACPortal/GetDataForOneScenario?senarioId=4449,Female Only,18 - 150,Pelvis,
Gyn and OB,3194860,"Pelvic floor surgery, postoperative, chronic complications, not recurrent pelvic floor dysfunction, initial imaging",https://gravitas.acr.org/ACPortal/GetDataForOneScenario?senarioId=5960,Female Only,18 - 150,Pelvis,
Gyn and OB,3194859,"Pelvic floor surgery, postoperative, subacute complications, not recurrent pelvic floor dysfunction, initial imaging",https://gravitas.acr.org/ACPortal/GetDataForOneScenario?senarioId=5959,Female Only,18 - 150,Pelvis,
Gyn and OB,3194841,"Pelvic organ prolapse suspected, initial imaging",https://gravitas.acr.org/ACPortal/GetDataForOneScenario?senarioId=5943,Female Only,18 - 150,Pelvis,
Gyn and OB,3074377,"Pelvic pain, acute, negative beta-hCG, gynecological etiology suspected, initial imaging",https://gravitas.acr.org/ACPortal/GetDataForOneScenario?senarioId=1042,Female Only,10 - 60,Pelvis,
Gyn and OB,3074379,"Pelvic pain, acute, negative beta-hCG, non-gynecological etiology suspected, initial imaging",https://gravitas.acr.org/ACPortal/GetDataForOneScenario?senarioId=1044,Female Only,10 - 60,Pelvis,
Gyn and OB,3074376,"Pelvic pain, acute, positive beta-hCG, gynecological etiology suspected, initial imaging",https://gravitas.acr.org/ACPortal/GetDataForOneScenario?senarioId=1041,Female Only,10 - 60,Pelvis,
Gyn and OB,3074378,"Pelvic pain, acute, positive beta-hCG, non-gynecological etiology suspected, initial imaging",https://gravitas.acr.org/ACPortal/GetDataForOneScenario?senarioId=1043,Female Only,10 - 60,Pelvis,
Gyn and OB,3193989,"Pelvic pain, acute, postmenopausal, initial imaging",https://gravitas.acr.org/ACPortal/GetDataForOneScenario?senarioId=5482,Female Only,18 - 150,Pelvis,
Gyn and OB,3148178,"Pelvic pain, chronic, post-menopausal",https://gravitas.acr.org/ACPortal/GetDataForOneScenario?senarioId=4553,Female Only,18 - 150,Pelvis,
Gyn and OB,3148585,"Perineal pain, chronic, post-menopausal",https://gravitas.acr.org/ACPortal/GetDataForOneScenario?senarioId=4573,Female Only,18 - 150,Pelvis,
Gyn and OB,3164899,"Placenta accreta spectrum disorder suspected, high risk, initial imaging",https://gravitas.acr.org/ACPortal/GetDataForOneScenario?senarioId=5213,Female Only,10 - 60,Pelvis,
Gyn and OB,3164900,"Placenta accreta spectrum disorder, follow up imaging",https://gravitas.acr.org/ACPortal/GetDataForOneScenario?senarioId=5214,Female Only,10 - 60,Pelvis,
Gyn and OB,3185407,"Postpartum hemorrhage, <= 24 hrs after cesarean delivery, initial Imaging",https://gravitas.acr.org/ACPortal/GetDataForOneScenario?senarioId=5358,Female Only,10 - 60,Pelvis,
Gyn and OB,3185408,"Postpartum hemorrhage, <= 24 hrs after vaginal delivery, initial Imaging",https://gravitas.acr.org/ACPortal/GetDataForOneScenario?senarioId=5359,Female Only,10 - 60,Pelvis,
Gyn and OB,3185409,"Postpartum hemorrhage, >24hrs to <= 6wks hrs after cesarean delivery, initial Imaging",https://gravitas.acr.org/ACPortal/GetDataForOneScenario?senarioId=5360,Female Only,10 - 60,Pelvis,
Gyn and OB,3185410,"Postpartum hemorrhage, >24hrs to <= 6wks hrs after vaginal delivery, initial Imaging",https://gravitas.acr.org/ACPortal/GetDataForOneScenario?senarioId=5361,Female Only,10 - 60,Pelvis,
Gyn and OB,3194848,"Urinary dysfunction, digital maneuvers to void, initial imaging",https://gravitas.acr.org/ACPortal/GetDataForOneScenario?senarioId=5950,Female Only,18 - 150,Pelvis,
Gyn and OB,3194843,"Urinary dysfunction, frequent urination, initial imaging",https://gravitas.acr.org/ACPortal/GetDataForOneScenario?senarioId=5945,Female Only,18 - 150,Pelvis,
Gyn and OB,3194846,"Urinary dysfunction, incomplete voiding, initial imaging",https://gravitas.acr.org/ACPortal/GetDataForOneScenario?senarioId=5948,Female Only,18 - 150,Pelvis,
Gyn and OB,3194842,"Urinary dysfunction, involuntary leakage of urine, initial imaging",https://gravitas.acr.org/ACPortal/GetDataForOneScenario?senarioId=5944,Female Only,18 - 150,Pelvis,
Gyn and OB,3194847,"Urinary dysfunction, splinting, initial imaging",https://gravitas.acr.org/ACPortal/GetDataForOneScenario?senarioId=5949,Female Only,18 - 150,Pelvis,
Gyn and OB,3194845,"Urinary dysfunction, straining to void, initial imaging",https://gravitas.acr.org/ACPortal/GetDataForOneScenario?senarioId=5947,Female Only,18 - 150,Pelvis,
Gyn and OB,3194844,"Urinary dysfunction, urgency, initial imaging",https://gravitas.acr.org/ACPortal/GetDataForOneScenario?senarioId=5946,Female Only,18 - 150,Pelvis,
Gyn and OB,3185427,"Uterine bleeding, abnormal, initial imaging",https://gravitas.acr.org/ACPortal/GetDataForOneScenario?senarioId=5378,Female Only,12 - 150,Pelvis,
Gyn and OB,3191929,"Uterine bleeding, abnormal, US inconclusive, follow-up imaging",https://gravitas.acr.org/ACPortal/GetDataForOneScenario?senarioId=5434,Female Only,12 - 150,Pelvis,
Gyn and OB,3191930,"Uterine bleeding, abnormal, US performed, follow-up imaging for further characterization",https://gravitas.acr.org/ACPortal/GetDataForOneScenario?senarioId=5435,Female Only,12 - 150,Pelvis,
Gyn and OB,3191945,"Vaginal bleeding, after first trimester, low lying placenta suspected, initial imaging",https://gravitas.acr.org/ACPortal/GetDataForOneScenario?senarioId=5450,Female Only,10 - 60,Pelvis,
Gyn and OB,3191946,"Vaginal bleeding, after first trimester, low lying placenta, initial imaging",https://gravitas.acr.org/ACPortal/GetDataForOneScenario?senarioId=5451,Female Only,10 - 60,Pelvis,
Gyn and OB,3185440,"Vaginal bleeding, after first trimester, painful, initial imaging",https://gravitas.acr.org/ACPortal/GetDataForOneScenario?senarioId=5391,Female Only,10 - 60,Pelvis,
Gyn and OB,3074160,"Vaginal bleeding, after first trimester, painless, initial imaging",https://gravitas.acr.org/ACPortal/GetDataForOneScenario?senarioId=871,Female Only,10 - 60,Pelvis,
Gyn and OB,3191943,"Vaginal bleeding, after first trimester, placenta previa suspected, initial imaging",https://gravitas.acr.org/ACPortal/GetDataForOneScenario?senarioId=5448,Female Only,10 - 60,Pelvis,
Gyn and OB,3191944,"Vaginal bleeding, after first trimester, placenta previa, initial imaging",https://gravitas.acr.org/ACPortal/GetDataForOneScenario?senarioId=5449,Female Only,10 - 60,Pelvis,
Gyn and OB,3191947,"Vaginal bleeding, after first trimester, vasa previa suspected, initial imaging",https://gravitas.acr.org/ACPortal/GetDataForOneScenario?senarioId=5452,Female Only,10 - 60,Pelvis,
Gyn and OB,3191948,"Vaginal bleeding, after first trimester, vasa previa, initial imaging",https://gravitas.acr.org/ACPortal/GetDataForOneScenario?senarioId=5453,Female Only,10 - 60,Pelvis,
Gyn and OB,3074147,"Vaginal bleeding, first trimester, positive beta-HCG",https://gravitas.acr.org/ACPortal/GetDataForOneScenario?senarioId=861,Female Only,10 - 60,Pelvis,
Gyn and OB,3194840,"Vaginal bulge, initial imaging",https://gravitas.acr.org/ACPortal/GetDataForOneScenario?senarioId=5942,Female Only,18 - 150,Pelvis,
Gyn and OB,3194209,"Vaginal cancer, no recurrence suspected, post treatment evaluation, initial imaging",https://gravitas.acr.org/ACPortal/GetDataForOneScenario?senarioId=5572,Female Only,18 - 150,Pelvis,
Gyn and OB,3194212,"Vaginal cancer, recurrence known, extent of disease evaluation, initial imaging",https://gravitas.acr.org/ACPortal/GetDataForOneScenario?senarioId=5574,Female Only,18 - 150,Pelvis,
Gyn and OB,3194211,"Vaginal cancer, recurrence suspected, extent of disease evaluation, initial imaging",https://gravitas.acr.org/ACPortal/GetDataForOneScenario?senarioId=5573,Female Only,18 - 150,Pelvis,
Gyn and OB,3148587,"Vaginal pain, chronic, post-menopausal",https://gravitas.acr.org/ACPortal/GetDataForOneScenario?senarioId=4575,Female Only,18 - 150,Pelvis,
Gyn and OB,3194839,"Vaginal protrusion, initial imaging",https://gravitas.acr.org/ACPortal/GetDataForOneScenario?senarioId=5941,Female Only,18 - 150,Pelvis,
Gyn and OB,3193993,"Vulvar cancer, treated, recurrence suspected",https://gravitas.acr.org/ACPortal/GetDataForOneScenario?senarioId=5486,Female Only,18 - 150,Pelvis,
Gyn and OB,3148586,"Vulvar pain, chronic, post-menopausal",https://gravitas.acr.org/ACPortal/GetDataForOneScenario?senarioId=4574,Female Only,18 - 150,Pelvis,
Musculoskeletal,3195452,"Osteomyelitis suspected, pelvis, initial imaging",https://gravitas.acr.org/ACPortal/GetDataForOneScenario?senarioId=6356,All,18 - 150,Pelvis,"Hip Pain, Shoulder Pain (to include suspected rotator cuff injury)"
Musculoskeletal,3195557,"Osteomyelitis suspected, pelvis, radiography findings suggest osteomyelitis, next imaging study",https://gravitas.acr.org/ACPortal/GetDataForOneScenario?senarioId=6459,All,18 - 150,Pelvis,"Hip Pain, Shoulder Pain (to include suspected rotator cuff injury)"
Musculoskeletal,3195570,"Osteomyelitis suspected, pelvis, radiography normal, next imaging study",https://gravitas.acr.org/ACPortal/GetDataForOneScenario?senarioId=6472,All,18 - 150,Pelvis,"Hip Pain, Shoulder Pain (to include suspected rotator cuff injury)"
Musculoskeletal,3195702,"Osteonecrosis suspected, pelvis, initial imaging",https://gravitas.acr.org/ACPortal/GetDataForOneScenario?senarioId=6590,All,18 - 150,Pelvis,"Hip Pain, Shoulder Pain (to include suspected rotator cuff injury)"
Musculoskeletal,3195718,"Osteonecrosis suspected, pelvis, radiography normal, next imaging study",https://gravitas.acr.org/ACPortal/GetDataForOneScenario?senarioId=6605,All,18 - 150,Pelvis,"Hip Pain, Shoulder Pain (to include suspected rotator cuff injury)"
Musculoskeletal,3195731,"Osteonecrosis suspected, pelvis, suspicious findings on radiography, next imaging study",https://gravitas.acr.org/ACPortal/GetDataForOneScenario?senarioId=6618,All,18 - 150,Pelvis,"Hip Pain, Shoulder Pain (to include suspected rotator cuff injury)"
Musculoskeletal,3197394,"Pelvis stress fracture on radiography, next imaging study, associated complication",https://gravitas.acr.org/ACPortal/GetDataForOneScenario?senarioId=7693,All,18 - 150,Pelvis,"Hip Pain, Shoulder Pain (to include suspected rotator cuff injury)"
Musculoskeletal,3197393,"Pelvis stress fracture on radiography, next imaging study, determining extent",https://gravitas.acr.org/ACPortal/GetDataForOneScenario?senarioId=7692,All,18 - 150,Pelvis,"Hip Pain, Shoulder Pain (to include suspected rotator cuff injury)"
Musculoskeletal,3109094,"Primary bone tumor suspected, pelvis, benign on radiography, not osteoid osteoma, next imaging study",https://gravitas.acr.org/ACPortal/GetDataForOneScenario?senarioId=2898,All,18 - 150,Pelvis,
Musculoskeletal,3109080,"Primary bone tumor suspected, pelvis, incidental lesion on MR or CT, not clearly benign, next imaging study",https://gravitas.acr.org/ACPortal/GetDataForOneScenario?senarioId=2884,All,18 - 150,Pelvis,
Musculoskeletal,3165314,"Primary bone tumor suspected, pelvis, indeterminate or aggressive on radiography, next imaging study",https://gravitas.acr.org/ACPortal/GetDataForOneScenario?senarioId=5261,All,18 - 150,Pelvis,
Musculoskeletal,3109052,"Primary bone tumor suspected, pelvis, initial imaging",https://gravitas.acr.org/ACPortal/GetDataForOneScenario?senarioId=2856,All,18 - 150,Pelvis,
Musculoskeletal,3109108,"Primary bone tumor suspected, pelvis, osteoid osteoma suspected on radiography or clinical exam",https://gravitas.acr.org/ACPortal/GetDataForOneScenario?senarioId=2912,All,18 - 150,Pelvis,
Musculoskeletal,3109192,"Primary bone tumor suspected, pelvis, radiography negative or equivocal, next imaging study",https://gravitas.acr.org/ACPortal/GetDataForOneScenario?senarioId=2996,All,18 - 150,Pelvis,
Musculoskeletal,3197422,"Sacrum stress fracture on radiography, next imaging study, associated complication",https://gravitas.acr.org/ACPortal/GetDataForOneScenario?senarioId=7721,All,18 - 150,Pelvis,"Hip Pain, Shoulder Pain (to include suspected rotator cuff injury)"
Musculoskeletal,3197421,"Sacrum stress fracture on radiography, next imaging study, determining extent",https://gravitas.acr.org/ACPortal/GetDataForOneScenario?senarioId=7720,All,18 - 150,Pelvis,"Hip Pain, Shoulder Pain (to include suspected rotator cuff injury)"
Musculoskeletal,3195648,"Soft tissue infection suspected, pelvis, hx of puncture wound, possible foreign body retained, radiography normal, next imaging study",https://gravitas.acr.org/ACPortal/GetDataForOneScenario?senarioId=6547,All,18 - 150,Pelvis,"Hip Pain, Shoulder Pain (to include suspected rotator cuff injury)"
Musculoskeletal,3195471,"Soft tissue infection suspected, pelvis, initial imaging",https://gravitas.acr.org/ACPortal/GetDataForOneScenario?senarioId=6375,All,18 - 150,Pelvis,"Hip Pain, Shoulder Pain (to include suspected rotator cuff injury)"
Musculoskeletal,3195495,"Soft tissue infection suspected, pelvis, radiography findings suggest joint effusion, next imaging study",https://gravitas.acr.org/ACPortal/GetDataForOneScenario?senarioId=6398,All,18 - 150,Pelvis,"Hip Pain, Shoulder Pain (to include suspected rotator cuff injury)"
Musculoskeletal,3195525,"Soft tissue infection suspected, pelvis, radiography findings suggest soft tissue swelling, next imaging study",https://gravitas.acr.org/ACPortal/GetDataForOneScenario?senarioId=6428,All,18 - 150,Pelvis,"Hip Pain, Shoulder Pain (to include suspected rotator cuff injury)"
Musculoskeletal,3195667,"Soft tissue infection suspected, pelvis, radiography normal, necrotizing fasciitis highly suspected, next imaging study",https://gravitas.acr.org/ACPortal/GetDataForOneScenario?senarioId=6565,All,18 - 150,Pelvis,"Hip Pain, Shoulder Pain (to include suspected rotator cuff injury)"
Musculoskeletal,3195510,"Soft tissue infection suspected, pelvis, radiography normal, next imaging study",https://gravitas.acr.org/ACPortal/GetDataForOneScenario?senarioId=6413,All,18 - 150,Pelvis,"Hip Pain, Shoulder Pain (to include suspected rotator cuff injury)"
Musculoskeletal,3195682,"Soft tissue infection suspected, pelvis, soft tissue gas on radiography, no puncture wound, next imaging study",https://gravitas.acr.org/ACPortal/GetDataForOneScenario?senarioId=6580,All,18 - 150,Pelvis,"Hip Pain, Shoulder Pain (to include suspected rotator cuff injury)"
Musculoskeletal,3196238,"Soft tissue mass, pelvis, nonsuperficial, initial imaging",https://gravitas.acr.org/ACPortal/GetDataForOneScenario?senarioId=6967,All,18 - 150,Pelvis,
Musculoskeletal,3196270,"Soft tissue mass, pelvis, radiography and noncontrast US nondiagnostic, MRI contraindicated, next imaging study",https://gravitas.acr.org/ACPortal/GetDataForOneScenario?senarioId=6999,All,18 - 150,Pelvis,
Musculoskeletal,3196254,"Soft tissue mass, pelvis, radiography and noncontrast US nondiagnostic, next imaging study",https://gravitas.acr.org/ACPortal/GetDataForOneScenario?senarioId=6983,All,18 - 150,Pelvis,
Musculoskeletal,3196228,"Soft tissue mass, pelvis, superficial, initial imaging",https://gravitas.acr.org/ACPortal/GetDataForOneScenario?senarioId=6958,All,18 - 150,Pelvis,
Musculoskeletal,3197319,"Stress fracture suspected, hip, fracture completion risk, radiography indeterminate, next imaging study",https://gravitas.acr.org/ACPortal/GetDataForOneScenario?senarioId=7620,All,18 - 150,Pelvis,"Hip Pain, Shoulder Pain (to include suspected rotator cuff injury)"
Musculoskeletal,3197320,"Stress fracture suspected, hip, fracture completion risk, radiography negative, next imaging study",https://gravitas.acr.org/ACPortal/GetDataForOneScenario?senarioId=7621,All,18 - 150,Pelvis,"Hip Pain, Shoulder Pain (to include suspected rotator cuff injury)"
Musculoskeletal,3197317,"Stress fracture suspected, hip, immediate need-to-know, radiography indeterminate, next imaging study",https://gravitas.acr.org/ACPortal/GetDataForOneScenario?senarioId=7618,All,18 - 150,Pelvis,"Hip Pain, Shoulder Pain (to include suspected rotator cuff injury)"
Musculoskeletal,3197318,"Stress fracture suspected, hip, immediate need-to-know, radiography negative, next imaging study",https://gravitas.acr.org/ACPortal/GetDataForOneScenario?senarioId=7619,All,18 - 150,Pelvis,"Hip Pain, Shoulder Pain (to include suspected rotator cuff injury)"
Musculoskeletal,3197321,"Stress fracture suspected, hip, osteoporosis or bisphosphonate therapy, radiography indeterminate, next imaging study",https://gravitas.acr.org/ACPortal/GetDataForOneScenario?senarioId=7622,All,18 - 150,Pelvis,"Hip Pain, Shoulder Pain (to include suspected rotator cuff injury)"
Musculoskeletal,3197322,"Stress fracture suspected, hip, osteoporosis or bisphosphonate therapy, radiography negative, next imaging study",https://gravitas.acr.org/ACPortal/GetDataForOneScenario?senarioId=7623,All,18 - 150,Pelvis,"Hip Pain, Shoulder Pain (to include suspected rotator cuff injury)"
Musculoskeletal,3197277,"Stress fracture suspected, pelvis, fracture completion risk, radiography indeterminate, next imaging study",https://gravitas.acr.org/ACPortal/GetDataForOneScenario?senarioId=7578,All,18 - 150,Pelvis,"Hip Pain, Shoulder Pain (to include suspected rotator cuff injury)"
Musculoskeletal,3197278,"Stress fracture suspected, pelvis, fracture completion risk, radiography negative, next imaging study",https://gravitas.acr.org/ACPortal/GetDataForOneScenario?senarioId=7579,All,18 - 150,Pelvis,"Hip Pain, Shoulder Pain (to include suspected rotator cuff injury)"
Musculoskeletal,3197275,"Stress fracture suspected, pelvis, immediate need-to-know, radiography indeterminate, next imaging study",https://gravitas.acr.org/ACPortal/GetDataForOneScenario?senarioId=7576,All,18 - 150,Pelvis,"Hip Pain, Shoulder Pain (to include suspected rotator cuff injury)"
Musculoskeletal,3197276,"Stress fracture suspected, pelvis, immediate need-to-know, radiography negative, next imaging study",https://gravitas.acr.org/ACPortal/GetDataForOneScenario?senarioId=7577,All,18 - 150,Pelvis,"Hip Pain, Shoulder Pain (to include suspected rotator cuff injury)"
Musculoskeletal,3197233,"Stress fracture suspected, pelvis, initial imaging",https://gravitas.acr.org/ACPortal/GetDataForOneScenario?senarioId=7537,All,18 - 150,Pelvis,"Hip Pain, Shoulder Pain (to include suspected rotator cuff injury)"
Musculoskeletal,3197279,"Stress fracture suspected, pelvis, osteoporosis or bisphosphonate therapy, radiography indeterminate, next imaging study",https://gravitas.acr.org/ACPortal/GetDataForOneScenario?senarioId=7580,All,18 - 150,Pelvis,"Hip Pain, Shoulder Pain (to include suspected rotator cuff injury)"
Musculoskeletal,3197280,"Stress fracture suspected, pelvis, osteoporosis or bisphosphonate therapy, radiography negative, next imaging study",https://gravitas.acr.org/ACPortal/GetDataForOneScenario?senarioId=7581,All,18 - 150,Pelvis,"Hip Pain, Shoulder Pain (to include suspected rotator cuff injury)"
Musculoskeletal,3197264,"Stress fracture suspected, pelvis, radiography indeterminate, next imaging study",https://gravitas.acr.org/ACPortal/GetDataForOneScenario?senarioId=7567,All,18 - 150,Pelvis,"Hip Pain, Shoulder Pain (to include suspected rotator cuff injury)"
Musculoskeletal,3197237,"Stress fracture suspected, pelvis, radiography negative, next imaging study",https://gravitas.acr.org/ACPortal/GetDataForOneScenario?senarioId=7540,All,18 - 150,Pelvis,"Hip Pain, Shoulder Pain (to include suspected rotator cuff injury)"
Musculoskeletal,3197361,"Stress fracture suspected, sacrum, fracture completion risk, radiography indeterminate, next imaging study",https://gravitas.acr.org/ACPortal/GetDataForOneScenario?senarioId=7662,All,18 - 150,Pelvis,"Hip Pain, Shoulder Pain (to include suspected rotator cuff injury)"
Musculoskeletal,3197362,"Stress fracture suspected, sacrum, fracture completion risk, radiography negative, next imaging study",https://gravitas.acr.org/ACPortal/GetDataForOneScenario?senarioId=7663,All,18 - 150,Pelvis,"Hip Pain, Shoulder Pain (to include suspected rotator cuff injury)"
Musculoskeletal,3197359,"Stress fracture suspected, sacrum, immediate need-to-know, radiography indeterminate, next imaging study",https://gravitas.acr.org/ACPortal/GetDataForOneScenario?senarioId=7660,All,18 - 150,Pelvis,"Hip Pain, Shoulder Pain (to include suspected rotator cuff injury)"
Musculoskeletal,3197360,"Stress fracture suspected, sacrum, immediate need-to-know, radiography negative, next imaging study",https://gravitas.acr.org/ACPortal/GetDataForOneScenario?senarioId=7661,All,18 - 150,Pelvis,"Hip Pain, Shoulder Pain (to include suspected rotator cuff injury)"
Musculoskeletal,3197235,"Stress fracture suspected, sacrum, initial imaging",https://gravitas.acr.org/ACPortal/GetDataForOneScenario?senarioId=7539,All,18 - 150,Pelvis,"Hip Pain, Shoulder Pain (to include suspected rotator cuff injury)"
Musculoskeletal,3197363,"Stress fracture suspected, sacrum, osteoporosis or bisphosphonate therapy, radiography indeterminate, next imaging study",https://gravitas.acr.org/ACPortal/GetDataForOneScenario?senarioId=7664,All,18 - 150,Pelvis,"Hip Pain, Shoulder Pain (to include suspected rotator cuff injury)"
Musculoskeletal,3197364,"Stress fracture suspected, sacrum, osteoporosis or bisphosphonate therapy, radiography negative, next imaging study",https://gravitas.acr.org/ACPortal/GetDataForOneScenario?senarioId=7665,All,18 - 150,Pelvis,"Hip Pain, Shoulder Pain (to include suspected rotator cuff injury)"
Musculoskeletal,3197265,"Stress fracture suspected, sacrum, radiography indeterminate, next imaging study",https://gravitas.acr.org/ACPortal/GetDataForOneScenario?senarioId=7568,All,18 - 150,Pelvis,"Hip Pain, Shoulder Pain (to include suspected rotator cuff injury)"
Musculoskeletal,3197266,"Stress fracture suspected, sacrum, radiography negative, next imaging study",https://gravitas.acr.org/ACPortal/GetDataForOneScenario?senarioId=7569,All,18 - 150,Pelvis,"Hip Pain, Shoulder Pain (to include suspected rotator cuff injury)"
Musculoskeletal,3197380,"Subchondral stress fracture suspected, hip, radiography indeterminate, next imaging study",https://gravitas.acr.org/ACPortal/GetDataForOneScenario?senarioId=7680,All,18 - 150,Pelvis,"Hip Pain, Shoulder Pain (to include suspected rotator cuff injury)"
Musculoskeletal,3197381,"Subchondral stress fracture suspected, hip, radiography negative, next imaging study",https://gravitas.acr.org/ACPortal/GetDataForOneScenario?senarioId=7681,All,18 - 150,Pelvis,"Hip Pain, Shoulder Pain (to include suspected rotator cuff injury)"
Musculoskeletal,3197366,"Subchondral stress fracture suspected, pelvis, radiography indeterminate, next imaging study",https://gravitas.acr.org/ACPortal/GetDataForOneScenario?senarioId=7666,All,18 - 150,Pelvis,"Hip Pain, Shoulder Pain (to include suspected rotator cuff injury)"
Musculoskeletal,3197367,"Subchondral stress fracture suspected, pelvis, radiography negative, next imaging study",https://gravitas.acr.org/ACPortal/GetDataForOneScenario?senarioId=7667,All,18 - 150,Pelvis,"Hip Pain, Shoulder Pain (to include suspected rotator cuff injury)"
Urologic,3073701,Benign prostatic hyperplasia (BPH) suspected,https://gravitas.acr.org/ACPortal/GetDataForOneScenario?senarioId=629,Male Only,18 - 150,Pelvis,
Urologic,3102572,"Hematospermia, >=40 years",https://gravitas.acr.org/ACPortal/GetDataForOneScenario?senarioId=2416,Male Only,40 - 150,Pelvis,
Urologic,3102571,"Hematospermia, persistent",https://gravitas.acr.org/ACPortal/GetDataForOneScenario?senarioId=2415,Male Only,18 - 150,Pelvis,
Urologic,3079764,"Hematospermia, transient/episodic, <40 years, no other signs/symptoms",https://gravitas.acr.org/ACPortal/GetDataForOneScenario?senarioId=1096,Male Only,18 - 39,Pelvis,
Urologic,3102573,"Hematospermia, w/ associated signs or symptoms of disease",https://gravitas.acr.org/ACPortal/GetDataForOneScenario?senarioId=2417,Male Only,18 - 150,Pelvis,
Urologic,3073724,"Lower abdominal trauma, penetrating, urinary tract injury suspected",https://gravitas.acr.org/ACPortal/GetDataForOneScenario?senarioId=644,All,18 - 150,Pelvis,
Urologic,3197600,"Scrotal pain, acute, nontraumatic, no antecedent mass, initial imaging",https://gravitas.acr.org/ACPortal/GetDataForOneScenario?senarioId=7833,Male Only,0 - 150,Pelvis,
Urologic,3194871,"Scrotum abnormality, palpable, newly diagnosed, hx of infection, initial imaging",https://gravitas.acr.org/ACPortal/GetDataForOneScenario?senarioId=5966,Male Only,18 - 150,Pelvis,
Urologic,3194872,"Scrotum abnormality, palpable, newly diagnosed, hx of trauma, initial imaging",https://gravitas.acr.org/ACPortal/GetDataForOneScenario?senarioId=5967,Male Only,18 - 150,Pelvis,
Urologic,3194874,"Scrotum abnormality, palpable, newly diagnosed, no hx of infection, initial imaging",https://gravitas.acr.org/ACPortal/GetDataForOneScenario?senarioId=5968,Male Only,18 - 150,Pelvis,
Urologic,3194875,"Scrotum abnormality, palpable, newly diagnosed, no hx of trauma, initial imaging",https://gravitas.acr.org/ACPortal/GetDataForOneScenario?senarioId=5969,Male Only,18 - 150,Pelvis,
